Corp_id,Corp_name,district_name,udise_code,school_name,minority_yn,minority_type
1001,ADVENT CHRISTIAN SCHOOLS,CHENNAI (EXT. GCC),33020900904,"ADVENT CHRISTIAN HIGH SCHOOL, KOTTUR",Yes,Christian
1001,ADVENT CHRISTIAN SCHOOLS,CHENNAI (EXT. GCC),33020901703,"ADVENT CHRISTIAN HIGH SCHOOL, VELACHERY",Yes,Christian
1002,AMBUR MUSLIM EDUCATIONAL SOCIETY,TIRUPATHUR,33041703423,"MAZHARUL ULOOM HSS,AMBUR",Yes,Muslim
1002,AMBUR MUSLIM EDUCATIONAL SOCIETY,TIRUPATHUR,33041703430,HASNATH-E-JARIA GIRLS HR. SEC. SCHOOL AMBUR,Yes,Muslim
1003,ANAIKAR HAJEE ABDUL SHUKOOR EDUCATIONLA HOME,TIRUPATHUR,33041703424,"ANAIKAR ORIENTAL (ARABIC) HR.SEC.SCHOOL, AMBUR",Yes,Muslim
1003,ANAIKAR HAJEE ABDUL SHUKOOR EDUCATIONLA HOME,TIRUPATHUR,33041703431,HABIBIA ORIENTAL GHSS,Yes,Muslim
1004,ARCH DIOCESE OF TRIVANDRUM,KANNIYAKUMARI,33300500109,"St.Joseph's M.S.C.H.S.S,Chellamkonam",Yes,Christian
1004,ARCH DIOCESE OF TRIVANDRUM,KANNIYAKUMARI,33300700237,"MJKM MSC.HR.SEC. SCHOOL, CHRISTURAJAPURAM -MARTHANDAM",Yes,Christian
1004,ARCH DIOCESE OF TRIVANDRUM,KANNIYAKUMARI,33300800616,ST. MSC HS NATTALAM,Yes,Christian
1004,ARCH DIOCESE OF TRIVANDRUM,KANNIYAKUMARI,33300900118,MAR GREGORIOS M.S.C. HIGH SCHOOL KIRATHOOR,Yes,Christian
1004,ARCH DIOCESE OF TRIVANDRUM,KANNIYAKUMARI,33300900510,"ST.EPHREM'S M.S.C HSS, SOORIACODE",Yes,Christian
1005,ARCHDIOCESE OF MADURAI,DINDIGUL,33130501716,"RC TOWN HSS,KODAIKANAL",Yes,Christian
1005,ARCHDIOCESE OF MADURAI,DINDIGUL,33130501717,"ST XAVIER'S HIGHER SECONDARY SCHOOL,SHENBAGANUR",Yes,Christian
1005,ARCHDIOCESE OF MADURAI,DINDIGUL,33130701510,"RC.HSS,SILUKKUVARPATTI",Yes,Christian
1005,ARCHDIOCESE OF MADURAI,DINDIGUL,33130701709,"RC.HSS,MICHEALPALAYAM",Yes,Christian
1005,ARCHDIOCESE OF MADURAI,MADURAI,33240600106,"R.C HIGH SCHOOL, KATHAKINARU",Yes,Christian
1005,ARCHDIOCESE OF MADURAI,MADURAI,33240707502,"ST.JOSEPH HIGH SCHOOL, SAMAYANALLUR",Yes,Christian
1005,ARCHDIOCESE OF MADURAI,MADURAI,33241119110,"R.C HIGH SCHOOL, PALANGANATHAM",Yes,Christian
1005,ARCHDIOCESE OF MADURAI,MADURAI,33241415204,"ST.BRITTO HR SEC SCHOOL, GNANAOLIVUPURAM",Yes,Christian
1005,ARCHDIOCESE OF MADURAI,VIRUDHUNAGAR,33260207604,ST.XAVIER'S HS K.PUDUR,Yes,Christian
1005,ARCHDIOCESE OF MADURAI,VIRUDHUNAGAR,33260214634,RC HSS VIRUDHUNAGAR,Yes,Christian
1005,ARCHDIOCESE OF MADURAI,VIRUDHUNAGAR,33260606213,"RC HR SEC SCHOOL, MEENACHIPURAM",Yes,Christian
1005,ARCHDIOCESE OF MADURAI,VIRUDHUNAGAR,33260710266,"ST.JOSEPH RC HR SEC SCHOOL, SRIVILLIPUTHUR",Yes,Christian
1005,ARCHDIOCESE OF MADURAI,VIRUDHUNAGAR,33260805904,"R.C.HS.,AYANNATHAMPATTI",Yes,Christian
1005,ARCHDIOCESE OF MADURAI,VIRUDHUNAGAR,33260910003,"VEERAMAMUNIVAR HIGH SCHOOL, KRISHNAPERI",Yes,Christian
1005,ARCHDIOCESE OF MADURAI,VIRUDHUNAGAR,33260910531,"VELANKANNI MATHA HR SEC SCHOOL, SIVAKASI",Yes,Christian
1005,ARCHDIOCESE OF MADURAI,VIRUDHUNAGAR,33261007804,"ST.ANTONY'S HIGH SCHOOL, MELANMARAINADU",Yes,Christian
1006,ARCHIDIOCESE OF MADURAI,THENI,33250701213,R.C. HS - THENI,Yes,Christian
1006,ARCHIDIOCESE OF MADURAI,THENI,33250800307,AMALA ANNAI HIGHER SECONDARY SCHOOL - T.SINTHALAICHERY,Yes,Christian
1006,ARCHIDIOCESE OF MADURAI,THENI,33250800921,ST. JOSEPH'S R.C. HIGH SCHOOL - UTHAMAPALAYAM,Yes,Christian
1007,ASSOCIATION OF LASALLE BROTHERS,THOOTHUKKUDI,33280102004,"ST.LASALLE HIGHER SECONDARY SCHOOL, GEORAGE ROAD, TUTICORIN",Yes,Christian
1007,ASSOCIATION OF LASALLE BROTHERS,THOOTHUKKUDI,33281003403,"ST JOSEPHS HR.SEC.SCHOOL, KEELAMUDIMAN",Yes,Christian
1008,BON SECOURS CONVENT,THANJAVUR,33210103602,SACRED HEART (GIRLS)HSS - THANJAVUR,Yes,Christian
1009,BON SECOURS GENERALE,RAMANATHAPURAM,33270205502,"ST.MICHAEL'S HIGHER SECONDARY SCHOOL, SENGUDI",Yes,Christian
1010,BROTHERS OF SAINT GABRIEL TAMILNADU,KANNIYAKUMARI,33300400316,ALL SAINTS HSS MUTTOM,Yes,Christian
1010,BROTHERS OF SAINT GABRIEL TAMILNADU,TIRUCHIRAPPALLI,33150501002,"ST.ANTONY'S HSS, MANJAMPATTY",Yes,Christian
1010,BROTHERS OF SAINT GABRIEL TAMILNADU,TIRUCHIRAPPALLI,33150602305,"ST.JAMES HSS,Palakurichy",Yes,Christian
1010,BROTHERS OF SAINT GABRIEL TAMILNADU,VIRUDHUNAGAR,33261110120,"ST. STANISLAUS HIGHER SECONDARY SCHOOL, SATTUR",Yes,Christian
1011,BROTHERS OF THE SACRED HEART,RAMANATHAPURAM,33271006702,"ST. JOSEPH'S HIGHER SECONDARY SCHOOL, MUTHUPETTAI",Yes,Christian
1011,BROTHERS OF THE SACRED HEART,THOOTHUKKUDI,33280104202,"ST MARYS BOYS HSS, MILLERPURAM",Yes,Christian
1012,CHENNAI MAYILAI EDUCATIONAL SOCIETY,TIRUVALLUR,33010301703,ST JOSEPH (B)HSS KILACHERI,Yes,Christian
1012,CHENNAI MAYILAI EDUCATIONAL SOCIETY,TIRUVALLUR,33010506602,RCM HSS KAMARAJ NAGAR,Yes,Christian
1012,CHENNAI MAYILAI EDUCATIONAL SOCIETY,CHENNAI (EXT. GCC),33011007203,"ST PAUL""S MAHAJANA. HSS, KALADIPET",Yes,Christian
1012,CHENNAI MAYILAI EDUCATIONAL SOCIETY,CHENNAI (EXT. GCC),33020100211,ST JOSEPH'S HSS ERUKKANCHERY,Yes,Christian
1012,CHENNAI MAYILAI EDUCATIONAL SOCIETY,CHENNAI (EXT. GCC),33020301602,DON BOSCO HS VEPERY,Yes,Christian
1012,CHENNAI MAYILAI EDUCATIONAL SOCIETY,CHENNAI (EXT. GCC),33020400305,ANNAI VAILANKANNI HIGH SCHOOL,Yes,Christian
1012,CHENNAI MAYILAI EDUCATIONAL SOCIETY,CHENNAI (EXT. GCC),33020700713,ST. ANDREWS HS,Yes,Christian
1012,CHENNAI MAYILAI EDUCATIONAL SOCIETY,CHENNAI (EXT. GCC),33020701208,ASSUMPTION HIGHER SECONDARY SCHOOL,Yes,Christian
1013,CHENNAI SALESIAN DON BOSCO PROVINCE,TIRUVALLUR,33010305903,DONBOSCO HSS PANNUR,Yes,Christian
1013,CHENNAI SALESIAN DON BOSCO PROVINCE,CHENNAI (EXT. GCC),33020300210,DON BOSCO HSS VYASARPADI,Yes,Christian
1013,CHENNAI SALESIAN DON BOSCO PROVINCE,CHENNAI (EXT. GCC),33020400512,DON BOSCO HR.SEC.SCHOOL,Yes,Christian
1013,CHENNAI SALESIAN DON BOSCO PROVINCE,VELLORE,33041301314,DONBOSCO HSS GANDHINAGAR,Yes,Christian
1013,CHENNAI SALESIAN DON BOSCO PROVINCE,TIRUPATHUR,33042000508,AHSS DONBOSCO - JOLARPET,Yes,Christian
1013,CHENNAI SALESIAN DON BOSCO PROVINCE,TIRUPATHUR,33042102023,DOMINIC SAVIO HSS TIRUPATTUR,Yes,Christian
1013,CHENNAI SALESIAN DON BOSCO PROVINCE,TIRUVANNAMALAI,33060906202,DON BOSCO HSS POLUR,Yes,Christian
1014,CHINNALAPATTI DEVANGAR MAHAJANA SABHA,DINDIGUL,33130101311,"DEVANGAR (G) HSS,CHINNALAPATTI",No,
1014,CHINNALAPATTI DEVANGAR MAHAJANA SABHA,DINDIGUL,33130101312,"DEVANGAR HIGHER SECONDARY SCHOOL,CHINNALAPATTI",No,
1015,CHURCH OF SOUTH INDIA,CHENNAI (EXT. GCC),33020201506,ANDERSON DAY GIRLS HSS,Yes,Christian
1015,CHURCH OF SOUTH INDIA,CHENNAI (EXT. GCC),33021002301,CSI ST.EBBAS GIRLS HR.SEC.SCHOOL,Yes,Christian
1015,CHURCH OF SOUTH INDIA,CHENGALPATTU,33030903337,CORLEY HR. SEC. SCHOOL,Yes,Christian
1015,CHURCH OF SOUTH INDIA,THE NILGIRIS,33110101546,CSIGELL MEM (G)HSS OOTY,Yes,Christian
1015,CHURCH OF SOUTH INDIA,THE NILGIRIS,33110101581,"CSI (CMM) HR. SEC. SCHOOL, OOTY",Yes,Christian
1015,CHURCH OF SOUTH INDIA,THE NILGIRIS,33110201014,"CSI HIGH SCHOOL, NONSUCH",Yes,Christian
1015,CHURCH OF SOUTH INDIA,COIMBATORE,33120101501,C.S.I GIRLS AIDED HIGHER SECONDARY SCHOOL AVINASHI ROAD,Yes,Christian
1015,CHURCH OF SOUTH INDIA,COIMBATORE,33120102403,CSI BOYS HR.SEC.SCHOOL,Yes,Christian
1015,CHURCH OF SOUTH INDIA,TIRUVALLUR,33010106003,"DRBCCCH HR.SEC.SCHOOL,TIRUVALLUR",Yes,Christian
1015,CHURCH OF SOUTH INDIA,CHENNAI (EXT. GCC),33021000404,CSI MONAHAN GIRLS HSS,Yes,Christian
1015,CHURCH OF SOUTH INDIA,KANCHEEPURAM,33030105442,"Anderson (Aided) HSS(B), Kanchi",Yes,Christian
1015,CHURCH OF SOUTH INDIA,CHENGALPATTU,33030705210,"St.Columbas HSS, Chengalpattu",Yes,Christian
1015,CHURCH OF SOUTH INDIA,CHENGALPATTU,33030903011,"CSI. ST. THOMAS HIGHER SECONDARY SCHOOL, ST. THOMAS MOUNT",Yes,Christian
1015,CHURCH OF SOUTH INDIA,RANIPET,33040101513,"CSI ST ANDREWS HSS, ARAKKONAM",Yes,Christian
1015,CHURCH OF SOUTH INDIA,RANIPET,33040101514,CSI(C) HSS ARAKKONAM,Yes,Christian
1015,CHURCH OF SOUTH INDIA,RANIPET,33040403112,GOODLET HSS SHOLINGHUR,Yes,Christian
1015,CHURCH OF SOUTH INDIA,CUDDALORE,33180105012,AIDED PRIMARY SCHOOL - ST DAVID'S - CUDDALORE PORT,Yes,Christian
1015,CHURCH OF SOUTH INDIA,DINDIGUL,33130200514,"CSI HSS, BATLAGUNDU",Yes,Christian
1015,CHURCH OF SOUTH INDIA,DINDIGUL,33131200511,"C.S.I HIGH SCHOOL,KALLIMANDAYAM",Yes,Christian
1015,CHURCH OF SOUTH INDIA,SALEM,33081302323,"C.S.I. HIGH SCHOOL, ATTUR",Yes,Christian
1015,CHURCH OF SOUTH INDIA,SALEM,33082101001,"C.S.I. HOBART GIRLS HIGH SCHOOL,HASTHAMPATTI",Yes,Christian
1015,CHURCH OF SOUTH INDIA,SALEM,33082102306,CSI HIGHER SEC SCHOOL-FORT,Yes,Christian
1015,CHURCH OF SOUTH INDIA,ERODE,33100708903,"AHSS, C.S.I. GIRLS, ERODE",Yes,Christian
1015,CHURCH OF SOUTH INDIA,ERODE,33100708904,"AHSS, C.S.I. BOYS, ERODE",Yes,Christian
1015,CHURCH OF SOUTH INDIA,KALLAKURICHI,33071506802,GOOD SHEPHERD HIGHER SECONDARY SCHOOL SERAPATTU,Yes,Christian
1015,CHURCH OF SOUTH INDIA,CHENNAI (EXT. GCC),33020200411,CSI RAJAGOPAL HS,Yes,Christian
1015,CHURCH OF SOUTH INDIA,CHENNAI (EXT. GCC),33020600703,CSI KELLETT HSS,Yes,Christian
1015,CHURCH OF SOUTH INDIA,CHENNAI (EXT. GCC),33021001105,CSI HR .SEC.SCHOOL FOR THE DEAF,Yes,Christian
1015,CHURCH OF SOUTH INDIA,KANCHEEPURAM,33030105424,CSI (AIDED) HS(G) - KANCHEEPURAM,Yes,Christian
1015,CHURCH OF SOUTH INDIA,KANCHEEPURAM,33030406818,CSI HIGH SCHOOL SRIPERUMBUDUR,Yes,Christian
1015,CHURCH OF SOUTH INDIA,MADURAI,33240807002,"JAYARAJ ANNAPACKIAM CSI HIGH SCHOOL, MELUR",Yes,Christian
1015,CHURCH OF SOUTH INDIA,MADURAI,33241006901,"C.S.I.HIGH.SCHOOL, THIRUMANGALAM",Yes,Christian
1015,CHURCH OF SOUTH INDIA,MADURAI,33241516202,D M & R GIRLS' HIGH SCHOOL NORTH MASI STREET MADURAI,Yes,Christian
1015,CHURCH OF SOUTH INDIA,RAMANATHAPURAM,33270909201,"SCHWARTZ BOYS HIGHER SECONDARY SCHOOL, RAMANATHAPURAM",Yes,Christian
1015,CHURCH OF SOUTH INDIA,RAMANATHAPURAM,33270909501,"ST. ANDREW'S GIRLS HIGHER SECONDARY SCHOOL, RAMANATHAPURAM",Yes,Christian
1015,CHURCH OF SOUTH INDIA,RANIPET,33040101203,CSI HS KILPAKKAM,Yes,Christian
1015,CHURCH OF SOUTH INDIA,RANIPET,33040301303,CSI HS THALIKAL,Yes,Christian
1015,CHURCH OF SOUTH INDIA,RANIPET,33040314404,CSI AIDED HS PARAVATHUR,Yes,Christian
1015,CHURCH OF SOUTH INDIA,SIVAGANGAI,33230303606,C.S.I HIGH SCHOOL MANAMADURAI,Yes,Christian
1015,CHURCH OF SOUTH INDIA,THANJAVUR,33210101303,ST.PETERS HSS-VADAKKUVEETHI-THANJAVUR,Yes,Christian
1015,CHURCH OF SOUTH INDIA,THANJAVUR,33210102702,BLAKE AIDED HSS-THANJAVUR,Yes,Christian
1015,CHURCH OF SOUTH INDIA,THE NILGIRIS,33110200926,"CSI HIGHER SECONDARY SCHOOL, KETTI",Yes,Christian
1015,CHURCH OF SOUTH INDIA,THE NILGIRIS,33110301120,CSI HSS KOTAGIRI,Yes,Christian
1015,CHURCH OF SOUTH INDIA,TIRUCHIRAPPALLI,33150300304,ST.JOHN'S H.S.S IRUNGALUR,Yes,Christian
1015,CHURCH OF SOUTH INDIA,TIRUCHIRAPPALLI,33151302503,C.S.I.H.S.S.THURAIYUR,Yes,Christian
1015,CHURCH OF SOUTH INDIA,RANIPET,33040600219,VRV AIDED HSS RANIPET,Yes,Christian
1015,CHURCH OF SOUTH INDIA,TIRUVANNAMALAI,33060706503,CSI HSS ARNI,Yes,Christian
1015,CHURCH OF SOUTH INDIA,KARUR,33140101732,"CSI BOY'S HR.SEC SCHOOL,KARUR.",Yes,Christian
1015,CHURCH OF SOUTH INDIA,KARUR,33140101733,"CSI GIRL'S HR.SEC SCHOOL,KARUR.",Yes,Christian
1015,CHURCH OF SOUTH INDIA,TIRUCHIRAPPALLI,33150502709,"ST.ANDREW'S HSS, MANAPARAI",Yes,Christian
1015,CHURCH OF SOUTH INDIA,TIRUCHIRAPPALLI,33150901302,"BISHOP HEBER BOYS HSS, TEPPAKULAM,TRICHY-2",Yes,Christian
1015,CHURCH OF SOUTH INDIA,TIRUCHIRAPPALLI,33150905103,"ALL SAINTS HIGH SCHOOL, PUTHUR",Yes,Christian
1015,CHURCH OF SOUTH INDIA,TIRUCHIRAPPALLI,33150905302,"METHODIST GIRLS HR.SEC.SCHOOL, WORAIYUR",Yes,Christian
1015,CHURCH OF SOUTH INDIA,TIRUCHIRAPPALLI,33150905401,"BISHOP HEBER BOYS HSS, PUTHUR,TRICHY",Yes,Christian
1015,CHURCH OF SOUTH INDIA,NAGAPATTINAM,33190103134,CSI AIDED HIGH SCHOOL NAGAPATTINAM,Yes,Christian
1015,CHURCH OF SOUTH INDIA,NAGAPATTINAM,33190103138,CSI AIDED HIGHER SECONDARY SCHOOL NAGAPATTINAM,Yes,Christian
1015,CHURCH OF SOUTH INDIA,TIRUVARUR,33200605342,"AHSS FINDLAY ,MANNARGUDI",Yes,Christian
1015,CHURCH OF SOUTH INDIA,ARIYALUR,33320700808,CSI HSS ARIYALUR,Yes,Christian
1015,CHURCH OF SOUTH INDIA,ARIYALUR,33320905102,CSI HSS MAHIMAIPURAM,Yes,Christian
1015,CHURCH OF SOUTH INDIA,TIRUPPUR,33330601007,CSI GIRLS HSS DHARAPURAM,Yes,Christian
1015,CHURCH OF SOUTH INDIA,TIRUPPUR,33330601016,CSI BOYS HSS DHARAPURAM,Yes,Christian
1015,CHURCH OF SOUTH INDIA,VELLORE,33041000165,AHS HONNEGAR ASHRAM,Yes,Christian
1015,CHURCH OF SOUTH INDIA,VELLORE,33041000166,VOORHEES AHSS,Yes,Christian
1015,CHURCH OF SOUTH INDIA,VELLORE,33041301315,DEVALOIS HSS KASAM,Yes,Christian
1015,CHURCH OF SOUTH INDIA,VILLUPURAM,33070103404,C.S.I BISHOP SAM PONNIAH HIGH SCHOOL GNANOTHAYAM,Yes,Christian
1015,CHURCH OF SOUTH INDIA,VILLUPURAM,33070407204,WALTER SCUDDER HIGHER SECONDARY SCHOOL TINDIVANAM,Yes,Christian
1015,CHURCH OF SOUTH INDIA,VILLUPURAM,33070900802,WYCKOFF HIGHER SECONDARY SCHOOL MUTTATHUR,Yes,Christian
1015,CHURCH OF SOUTH INDIA,VIRUDHUNAGAR,33260108138,"CSI GIRLS HSS, ARUPPUKOTTAI",Yes,Christian
1015,CHURCH OF SOUTH INDIA,VIRUDHUNAGAR,33260710254,"C.M.S. HIGHER SECONDARY SCHOOL, SRIVILLIPUTHUR",Yes,Christian
1015,CHURCH OF SOUTH INDIA,VIRUDHUNAGAR,33260910540,"S.C.M.S.GIRLS HIGHER SECONDARY SCHOOL, SATCHIYAPURAM",Yes,Christian
1016,CHURCH OF SOUTH INDIA DIOCESE OF MADRAS,TIRUVALLUR,33010100804,"CSI HIGH SCHOOL, IKKADU",Yes,Christian
1016,CHURCH OF SOUTH INDIA DIOCESE OF MADRAS,TIRUVALLUR,33010105801,"CSI GOUDIE HR SEC SCH, TRL",Yes,Christian
1016,CHURCH OF SOUTH INDIA DIOCESE OF MADRAS,TIRUVALLUR,33011106802,CSI HIGH SCHOOL - DURAIVARIPET,Yes,Christian
1017,COIMBATORE DIOCESE SOCIETY,ERODE,33100802701,"ST. MARY'S HIGH SCHOOL, KOLAPPALUR",Yes,Christian
1017,COIMBATORE DIOCESE SOCIETY,COIMBATORE,33120100907,ST ANTONYS HIGH SCHOOL,Yes,Christian
1017,COIMBATORE DIOCESE SOCIETY,COIMBATORE,33120101802,ST.MARY'S HIGH SCHOOL,Yes,Christian
1017,COIMBATORE DIOCESE SOCIETY,COIMBATORE,33120102405,ST.MICHAEL'S HR.SEC.SCHOOL,Yes,Christian
1017,COIMBATORE DIOCESE SOCIETY,COIMBATORE,33122101108,AIDED ST MARYS BOYS HIGH SCHOOL KARUMATHAMPATTI,Yes,Christian
1017,COIMBATORE DIOCESE SOCIETY,KARUR,33140102602,"ST.MARY'S PRIMARY SCHOOL, PASUPATHIPALAYAM",Yes,Christian
1017,COIMBATORE DIOCESE SOCIETY,TIRUPPUR,33332202402,"BISHOP UBAGARASWAMY HIGHER SECONDARY SCHOOL, TIRUPPUR",Yes,Christian
1018,CONGREGATION OF ICM EDUCATIONAL INSTITUTIONS,DINDIGUL,33130501715,ST JOHN'S GHSS KODAIKANAL,Yes,Christian
1018,CONGREGATION OF ICM EDUCATIONAL INSTITUTIONS,TIRUNELVELI,33292002405,ST IGNATIUS' CONVENT HR SEC SCHOOL PALAYAMKOTTAI,Yes,Christian
1018,CONGREGATION OF ICM EDUCATIONAL INSTITUTIONS,KANNIYAKUMARI,33300200113,MARY IMMACULATE HS KANYAKUMARI,Yes,Christian
1018,CONGREGATION OF ICM EDUCATIONAL INSTITUTIONS,KANNIYAKUMARI,33300204704,"ST.JOSEPH 'S CONVENT HSS ,NAGERCOIL",Yes,Christian
1018,CONGREGATION OF ICM EDUCATIONAL INSTITUTIONS,KANNIYAKUMARI,33300500715,INFANT JESUS GIRLS HIGH SCHOOL - MULAGUMOODU,Yes,Christian
1018,CONGREGATION OF ICM EDUCATIONAL INSTITUTIONS,KANNIYAKUMARI,33300600805,ST. URSULA'S GIRLS HSS KULASEKHARAM,Yes,Christian
1018,CONGREGATION OF ICM EDUCATIONAL INSTITUTIONS,KANNIYAKUMARI,33300800615,"ST. JOHN VIANNEY'S GIRLS' HR. SEC. SCHOOL , PALLIYADI",Yes,Christian
1018,CONGREGATION OF ICM EDUCATIONAL INSTITUTIONS,VIRUDHUNAGAR,33260710256,"SACRED HEART GIRLS HIGHER SECONDARY SCHOOL, SRIVILLIPUTHUR",Yes,Christian
1018,CONGREGATION OF ICM EDUCATIONAL INSTITUTIONS,VIRUDHUNAGAR,33260710268,"SACRED HEART CONVENT HIGH SCHOOL, SRIVILLIPUTHUR",Yes,Christian
1019,CONGREGATION OF TERESIAN CARMELITES,TIRUVANNAMALAI,33061407404,ST ANTONYS HSS (GIRLS) PAVITHIRAM,Yes,Christian
1020,CONGREGATION OF THE BROTHERS OF SACRED HEART OF JESUS PALAYAMKOTTAI,THENI,33250800107,"St. ALOYSIUS BOYS Hr.,SEC.,SCHOOL - ROYAPPANPATTY",Yes,Christian
1020,CONGREGATION OF THE BROTHERS OF SACRED HEART OF JESUS PALAYAMKOTTAI,TIRUNELVELI,33290203819,SACRED HEART HIGH SCHOOL IRUDAYAKULAM,Yes,Christian
1020,CONGREGATION OF THE BROTHERS OF SACRED HEART OF JESUS PALAYAMKOTTAI,TIRUNELVELI,33290203822,ST MARYS HR SEC SCHOOL VICKRAMASINGAPURAM,Yes,Christian
1020,CONGREGATION OF THE BROTHERS OF SACRED HEART OF JESUS PALAYAMKOTTAI,TIRUNELVELI,33290209911,ST.MICHAELS HS- AYANSINGAMPATTI,Yes,Christian
1020,CONGREGATION OF THE BROTHERS OF SACRED HEART OF JESUS PALAYAMKOTTAI,TIRUNELVELI,33291205703,ST JOSEPH'S HIGH SCHOOL NARANAMMALPURAM,Yes,Christian
1020,CONGREGATION OF THE BROTHERS OF SACRED HEART OF JESUS PALAYAMKOTTAI,TIRUNELVELI,33291800308,SACRED HEART HR SEC SCHOOL PANAGUDI,Yes,Christian
1020,CONGREGATION OF THE BROTHERS OF SACRED HEART OF JESUS PALAYAMKOTTAI,TIRUNELVELI,33292002002,CHRISTHURAJA HR SEC SCHOOL PALAYAMKOTTAI,Yes,Christian
1020,CONGREGATION OF THE BROTHERS OF SACRED HEART OF JESUS PALAYAMKOTTAI,TIRUNELVELI,33292003004,ST THOMAS HIGH SCHOOL KURICHY,Yes,Christian
1020,CONGREGATION OF THE BROTHERS OF SACRED HEART OF JESUS PALAYAMKOTTAI,TIRUVANNAMALAI,33061106102,ST JOSEPHS HSS (BOYS) SUSAINAGAR,Yes,Christian
1020,CONGREGATION OF THE BROTHERS OF SACRED HEART OF JESUS PALAYAMKOTTAI,TIRUVANNAMALAI,33061800302,ST JOSEPH HSS ATHIPET,Yes,Christian
1021,CONGREGATION OF THE IMMACULATE CONCEPTION,RAMANATHAPURAM,33270105402,"AMALA ANNAI HIGHER SECONDARY SCHOOL, KARANKADU",Yes,Christian
1021,CONGREGATION OF THE IMMACULATE CONCEPTION,RAMANATHAPURAM,33270108208,"WILHELM HIGH SCHOOL, THONDI",Yes,Christian
1021,CONGREGATION OF THE IMMACULATE CONCEPTION,SIVAGANGAI,33230213702,SAHAYARANI GIRLS HR SEC SCHOOL SUSAIAPPARPATTANAM,Yes,Christian
1021,CONGREGATION OF THE IMMACULATE CONCEPTION,SIVAGANGAI,33230602203,ST JOHN'S GIRLS HR SEC SCHOOL DEVAKOTTAI,Yes,Christian
1021,CONGREGATION OF THE IMMACULATE CONCEPTION,TENKASI,33291702123,St. MICHAEL'S HSS(G) TENKASI,Yes,Christian
1021,CONGREGATION OF THE IMMACULATE CONCEPTION,MADURAI,33241517601,"NIRMALA GIRLS HR SEC SCHOOL, TEPPAKULAM",Yes,Christian
1021,CONGREGATION OF THE IMMACULATE CONCEPTION,RAMANATHAPURAM,33270108201,"WILHELM PRIMARY SCHOOL , THONDI",Yes,Christian
1021,CONGREGATION OF THE IMMACULATE CONCEPTION,TIRUNELVELI,33290203824,AMALI GIRLS HR SEC SCHOOL IRUDAYAKULAM,Yes,Christian
1021,CONGREGATION OF THE IMMACULATE CONCEPTION,TIRUNELVELI,33290204210,ST JOSEPH HIGH SCHOOL AMBASAMUDRAM,Yes,Christian
1021,CONGREGATION OF THE IMMACULATE CONCEPTION,TIRUNELVELI,33292002703,"ST JOSEPH`S GIRLS HR SEC SCHOOL,JAWAHAR NAGAR,NGO A COLONY.",Yes,Christian
1021,CONGREGATION OF THE IMMACULATE CONCEPTION,VIRUDHUNAGAR,33260312603,AMALA HIGH SCHOOL KARIAPATTI,Yes,Christian
1022,CONGREGATION OF THE LASAL BROTHERS INDIA,SIVAGANGAI,33230502503,"ST.JAMES HSS, SOORANAM",Yes,Christian
1023,CONGREGATION OF THE SISTERS OF ST ANNE TIRUCHIRAPALLI,CHENNAI (EXT. GCC),33031400504,"ST.JOSEPHS HR.SEC.SCHOOL,VETTUVANKENI",Yes,Christian
1023,CONGREGATION OF THE SISTERS OF ST ANNE TIRUCHIRAPALLI,DINDIGUL,33131502002,"ST FRANCIS XAVIER HSS,WARD-23, DINDIGUL",Yes,Christian
1023,CONGREGATION OF THE SISTERS OF ST ANNE TIRUCHIRAPALLI,TIRUCHIRAPPALLI,33150401303,"HOLY FAMILY R C HR. SEC. SCHOOL, AMMAPETTAI",Yes,Christian
1023,CONGREGATION OF THE SISTERS OF ST ANNE TIRUCHIRAPALLI,TIRUCHIRAPPALLI,33150402006,"ST.JOSEPH'S HR. SEC. SCHOOL, SOMARASAMPETTAI",Yes,Christian
1023,CONGREGATION OF THE SISTERS OF ST ANNE TIRUCHIRAPALLI,TIRUCHIRAPPALLI,33150602306,"ST.JUSTIN GIRLS HR. SEC.SCHOOL, PALAKURICHI",Yes,Christian
1023,CONGREGATION OF THE SISTERS OF ST ANNE TIRUCHIRAPALLI,TIRUCHIRAPPALLI,33151004202,"Infant Jesus High School, Kajamalai Colony,",Yes,Christian
1023,CONGREGATION OF THE SISTERS OF ST ANNE TIRUCHIRAPALLI,TIRUCHIRAPPALLI,33151004708,"ST. ANNE'S GIRLS' HR. SEC. SCHOOL, MELAPUDUR",Yes,Christian
1023,CONGREGATION OF THE SISTERS OF ST ANNE TIRUCHIRAPALLI,TIRUCHIRAPPALLI,33151102103,"ST.MARY'S HIGH SCHOOL, PATHALAPETTAI",Yes,Christian
1023,CONGREGATION OF THE SISTERS OF ST ANNE TIRUCHIRAPALLI,TIRUCHIRAPPALLI,33151102603,"ST.JOSEPH HIGH SCHOOL, AYYAMPATTI",Yes,Christian
1023,CONGREGATION OF THE SISTERS OF ST ANNE TIRUCHIRAPALLI,TIRUCHIRAPPALLI,33151103112,"LITTLE FLOWER HR SEC SCHOOL,CRAWFORD",Yes,Christian
1023,CONGREGATION OF THE SISTERS OF ST ANNE TIRUCHIRAPALLI,CUDDALORE,33180304225,"SRI.P.MUTHAIYAR HR.SEC.SCHOOL, PANRUTI",Yes,Christian
1023,CONGREGATION OF THE SISTERS OF ST ANNE TIRUCHIRAPALLI,KANNIYAKUMARI,33300203203,BISHOP AROCKIASAMY HR.SEC.SCHOOL- MARAVANKUDIERUPPU,Yes,Christian
1023,CONGREGATION OF THE SISTERS OF ST ANNE TIRUCHIRAPALLI,KANNIYAKUMARI,33300800508,ST. JOSEPH'S HIGHER SECONDARY SCHOOL VIZHUNTHAYAMBALAM,Yes,Christian
1023,CONGREGATION OF THE SISTERS OF ST ANNE TIRUCHIRAPALLI,ARIYALUR,33320700805,NIRMALA (G) HSS ARIYALUR,Yes,Christian
1023,CONGREGATION OF THE SISTERS OF ST ANNE TIRUCHIRAPALLI,THENI,33250601610,ST. ANNES HSS - PERIYAKULAM,Yes,Christian
1023,CONGREGATION OF THE SISTERS OF ST ANNE TIRUCHIRAPALLI,THENI,33250800108,"St. AGNES GIRLS Hr.,Sec.,SCHOOL - ROYAPPANPATTY",Yes,Christian
1023,CONGREGATION OF THE SISTERS OF ST ANNE TIRUCHIRAPALLI,THOOTHUKKUDI,33280101602,ST. JOSEPH GIRLS HSS CRUZPURAM,Yes,Christian
1023,CONGREGATION OF THE SISTERS OF ST ANNE TIRUCHIRAPALLI,TIRUNELVELI,33291106920,ST MARY'S HR SEC SCHOOL MANNARPURAM,Yes,Christian
1023,CONGREGATION OF THE SISTERS OF ST ANNE TIRUCHIRAPALLI,TIRUNELVELI,33291802310,ST ANNES HR SEC SCHOOL RAJAKRISHNAPURAM TIRUNELVELI,Yes,Christian
1024,CONGREGATION OF THE SISTERS OF THE CROSS OF CHAVANOD,PUDUKKOTTAI,33220304709,ST TERESA'S GIRLS HIGH SCHOOL VIRALIMALAI,Yes,Christian
1024,CONGREGATION OF THE SISTERS OF THE CROSS OF CHAVANOD,TIRUCHIRAPPALLI,33150803203,"ST JOSEPH'S GIRLS HSS,VADUGARPET",Yes,Christian
1024,CONGREGATION OF THE SISTERS OF THE CROSS OF CHAVANOD,TIRUCHIRAPPALLI,33150901203,"HOLY CROSS GIRLS HSS,TEPPAKULAM , TRICHY-2",Yes,Christian
1024,CONGREGATION OF THE SISTERS OF THE CROSS OF CHAVANOD,TIRUCHIRAPPALLI,33151103026,"HOLY CROSS GIRLS HR SEC SCHOOL, PONMALAI",Yes,Christian
1025,CONGREGATION OF THE SISTERS OF THE CROSS OF SAVANO MADURAI,THOOTHUKKUDI,33280102206,"HOLY CROSS (G)HSS, VE ROAD",Yes,Christian
1026,CONGREGATION OF THE SISTERS OF THE HOLLY CROSS OF CHAVANOD,KANNIYAKUMARI,33300400513,"PROVIDENCE HIGHER SECONDARY SCHOOL,RITAPURAM",Yes,Christian
1027,CONGREGATION OF THE SISTERS OF THE SACRED HEART OF JESUS,TIRUVANNAMALAI,33061106101,NIRMALA MADHA HSS (GIRLS) SUSAINAGAR,Yes,Christian
1027,CONGREGATION OF THE SISTERS OF THE SACRED HEART OF JESUS,KANNIYAKUMARI,33300400208,"ST.XAVIER'S HIGHER SECONDARY SCHOOL,PATTARIVILLAI",Yes,Christian
1028,CORPORATE MANAGEMENT OF THE C S I SCHOOLS OF KANYAKUMARI DIOCESE,KANNIYAKUMARI,33300200308,"LMS.H.S.S,SOUTH THAMARAIKULAM",Yes,Christian
1028,CORPORATE MANAGEMENT OF THE C S I SCHOOLS OF KANYAKUMARI DIOCESE,KANNIYAKUMARI,33300200407,RINGLETAUBE HSS MYLAUDY,Yes,Christian
1028,CORPORATE MANAGEMENT OF THE C S I SCHOOLS OF KANYAKUMARI DIOCESE,KANNIYAKUMARI,33300200909,LMS HSS JAMESTOWN,Yes,Christian
1028,CORPORATE MANAGEMENT OF THE C S I SCHOOLS OF KANYAKUMARI DIOCESE,KANNIYAKUMARI,33300203902,SCOTT CHRISTIAN HSS-NAGERCOIL,Yes,Christian
1028,CORPORATE MANAGEMENT OF THE C S I SCHOOLS OF KANYAKUMARI DIOCESE,KANNIYAKUMARI,33300205806,DUTHIE GIRLS HR.SE.SCHOOL -NAGERCOIL,Yes,Christian
1028,CORPORATE MANAGEMENT OF THE C S I SCHOOLS OF KANYAKUMARI DIOCESE,KANNIYAKUMARI,33300300313,LMS HSS ZIONPURAM,Yes,Christian
1028,CORPORATE MANAGEMENT OF THE C S I SCHOOLS OF KANYAKUMARI DIOCESE,KANNIYAKUMARI,33300300807,LMS GIRLS HIGH SCHOOL SANTHAPURAM,Yes,Christian
1028,CORPORATE MANAGEMENT OF THE C S I SCHOOLS OF KANYAKUMARI DIOCESE,KANNIYAKUMARI,33300400810,LMS GHSS NEYYOOR,Yes,Christian
1028,CORPORATE MANAGEMENT OF THE C S I SCHOOLS OF KANYAKUMARI DIOCESE,KANNIYAKUMARI,33300500210,CHRISTUCOIL LMS HR SEC SCHOOL PALLIYADI,Yes,Christian
1028,CORPORATE MANAGEMENT OF THE C S I SCHOOLS OF KANYAKUMARI DIOCESE,KANNIYAKUMARI,33300500514,LMS HSS KADAMALAIKUNTU,Yes,Christian
1028,CORPORATE MANAGEMENT OF THE C S I SCHOOLS OF KANYAKUMARI DIOCESE,KANNIYAKUMARI,33300500609,"HACKER MEMORIAL HSS ,NEYYOOR",Yes,Christian
1028,CORPORATE MANAGEMENT OF THE C S I SCHOOLS OF KANYAKUMARI DIOCESE,KANNIYAKUMARI,33300700231,"L.M.S HIGHER SECONDARY SCHOOL FOR BOYS,MARTHANDAM.",Yes,Christian
1028,CORPORATE MANAGEMENT OF THE C S I SCHOOLS OF KANYAKUMARI DIOCESE,KANNIYAKUMARI,33300700232,L M S GIRLS H S S MARTHANDAM,Yes,Christian
1028,CORPORATE MANAGEMENT OF THE C S I SCHOOLS OF KANYAKUMARI DIOCESE,KANNIYAKUMARI,33300800210,LMS HSS - MATHICODE,Yes,Christian
1028,CORPORATE MANAGEMENT OF THE C S I SCHOOLS OF KANYAKUMARI DIOCESE,KANNIYAKUMARI,33300900122,RTM LMS HSS VENKANCHI,Yes,Christian
1028,CORPORATE MANAGEMENT OF THE C S I SCHOOLS OF KANYAKUMARI DIOCESE,KANNIYAKUMARI,33300900612,CSI VV HSS IRENIPURAM,Yes,Christian
1028,CORPORATE MANAGEMENT OF THE C S I SCHOOLS OF KANYAKUMARI DIOCESE,KANNIYAKUMARI,33300900614,CSI VV (G) HS IRENIPURAM,Yes,Christian
1029,CSI TDTA TIRUNELVELI,TIRUNELVELI,33290301905,"TDTA HIGH SCHOOL, MELASEVAL",Yes,Christian
1029,CSI TDTA TIRUNELVELI,TIRUNELVELI,33290605106,WALKER HR SEC SCHOOL DOHNAVUR,Yes,Christian
1029,CSI TDTA TIRUNELVELI,TIRUNELVELI,33290900107,ST PETER'S HR SEC SCHOOL UKKIRANKOTTAI,Yes,Christian
1029,CSI TDTA TIRUNELVELI,TIRUNELVELI,33291402809,TDTA St ANDREW'S HIGH SCHOOL KOODANKULAM,Yes,Christian
1029,CSI TDTA TIRUNELVELI,TIRUNELVELI,33291403720,SAMARIAH ST JOHN'S HR SEC SCHOOL KULASEKARANVILAI,Yes,Christian
1029,CSI TDTA TIRUNELVELI,TIRUNELVELI,33291403723,CALDWELL CENTENARY MEMORIAL HR SEC SCHOOL IDAIYANGUDI,Yes,Christian
1029,CSI TDTA TIRUNELVELI,TIRUNELVELI,33291802119,T D T A HIGH SCHOOL JACOBPURAM TIRUNELVELI,Yes,Christian
1029,CSI TDTA TIRUNELVELI,TIRUNELVELI,33292000805,MARY SARGENT HIGHER SECONDARY SCHOOL FOR GIRLS PALAYAMKOTTAI,Yes,Christian
1029,CSI TDTA TIRUNELVELI,TIRUNELVELI,33292000806,"CATHEDRAL HR SEC SCHOOL, PALAYAMKOTTAI",Yes,Christian
1029,CSI TDTA TIRUNELVELI,TIRUNELVELI,33292002105,ST JOHN'S HIGHER SECONDARY SCHOOL- PALAYAMKOTTAI,Yes,Christian
1029,CSI TDTA TIRUNELVELI,TIRUNELVELI,33292002504,SARAH TUCKER HR SEC SCHOOL FOR GIRLS PALAYAMKOTTAI TIRUNELVELI,Yes,Christian
1029,CSI TDTA TIRUNELVELI,TIRUNELVELI,33292100604,SCHAFFTER HR SEC SCHOOL TIRUNELVELI,Yes,Christian
1030,CTC PROVINCE CHARITABLE TRUST,KANNIYAKUMARI,33300500319,"AMALA CONVENT(G) H.S.S,THUCKALAY",Yes,Christian
1030,CTC PROVINCE CHARITABLE TRUST,KANNIYAKUMARI,33300600906,ST. ANTONY'S HS. SURULACODE,Yes,Christian
1030,CTC PROVINCE CHARITABLE TRUST,KANNIYAKUMARI,33300800412,ST. AHSS ENAMPUTHENTHURAI,Yes,Christian
1031,DAUGHTERS OF MARY HELP OF CHRISTIANS SALESIAN SISTERS,CHENNAI (EXT. GCC),33020700103,AUXILIUM HIGHER SECONDARY SCHOOL,Yes,Christian
1031,DAUGHTERS OF MARY HELP OF CHRISTIANS SALESIAN SISTERS,VELLORE,33041000194,AHSS ST. MARY'S,Yes,Christian
1031,DAUGHTERS OF MARY HELP OF CHRISTIANS SALESIAN SISTERS,TIRUPATHUR,33042102025,MARY IMMACULATE GHSS TIRUPATTUR,Yes,Christian
1031,DAUGHTERS OF MARY HELP OF CHRISTIANS SALESIAN SISTERS,TIRUVANNAMALAI,33060706523,ST. JOSEPH HSS(GIRLS) ARNI,Yes,Christian
1032,DIOCEASE OF SOCIETY KUMBAKONAM,THANJAVUR,33210301103,ST.THOMAS RC HIGH SCHOOL -MANATHIDAL,Yes,Christian
1032,DIOCEASE OF SOCIETY KUMBAKONAM,THANJAVUR,33210706802,LITTLE FLOWER HR SEC SCHOOL KUMBAKONAM,Yes,Christian
1032,DIOCEASE OF SOCIETY KUMBAKONAM,THANJAVUR,33210707402,RC MORNING STAR AHS KUMBAKONAM,Yes,Christian
1032,DIOCEASE OF SOCIETY KUMBAKONAM,THANJAVUR,33210707605,ST. XAVIER HIGH SCHOOL-KUMBAKONAM,Yes,Christian
1032,DIOCEASE OF SOCIETY KUMBAKONAM,THANJAVUR,33211005604,ST JOSEPHS HIGH SCHOOL - AMMANPETTAI,Yes,Christian
1033,DIOCESE OF MADURAI RAMNAD,MADURAI,33241108702,"PASUMALAI HR SEC SCHOOL, PASUMALAI",Yes,Christian
1034,DIOCESE OF MADURAI RAMNADU,MADURAI,33240611103,"AMERICAN COLLEGE HR SEC SCHOOL, TALLAKULAM",Yes,Christian
1034,DIOCESE OF MADURAI RAMNADU,MADURAI,33240611204,"O.C.P.M GIRLS HR SEC SCHOOL, TALLAKULAM",Yes,Christian
1034,DIOCESE OF MADURAI RAMNADU,MADURAI,33240710905,"LUCY PERRY NOBLE GIRLS HR SEC SCHOOL, RATCHANYAPURAM",Yes,Christian
1034,DIOCESE OF MADURAI RAMNADU,MADURAI,33241108703,"CSI GIRLS HR SEC SCHOOL, PASUMALAI",Yes,Christian
1034,DIOCESE OF MADURAI RAMNADU,MADURAI,33241414803,"CAPRON HALL GIRLS HR SEC SCHOOL, PONNAGARAM",Yes,Christian
1035,DIOCESE OF THANJAVUR SOCIETY,CUDDALORE,33181400202,"ST.ANTHONY'S HS , ARANTHANGI",Yes,Christian
1035,DIOCESE OF THANJAVUR SOCIETY,CUDDALORE,33181403418,"AIDED HIGH SCHOOL (RC) , UDAIYARKUDI",Yes,Christian
1035,DIOCESE OF THANJAVUR SOCIETY,CUDDALORE,33181205303,AIDED-SACRED HEART HIGHER SECONDARY SCHOOL- VADAKUPALAYAM,Yes,Christian
1035,DIOCESE OF THANJAVUR SOCIETY,NAGAPATTINAM,33190103116,ST. ANTONYS AIDED HIGHER SECONDARY SCHOOL NAGAPATTINAM,Yes,Christian
1035,DIOCESE OF THANJAVUR SOCIETY,NAGAPATTINAM,33190401701,"OUR LADY OF HEALTH AIDED HIGHER SECONDARY SCHOOL, VELANKANNI",Yes,Christian
1035,DIOCESE OF THANJAVUR SOCIETY,MAYILADUTHURAI,33190706606,ST XAVIOR HIGH SCHOOL. MAYILADUTHURAI,Yes,Christian
1035,DIOCESE OF THANJAVUR SOCIETY,TIRUVARUR,33200900404,"AHS, JOHN PRITO PALLANKOVIL",Yes,Christian
1035,DIOCESE OF THANJAVUR SOCIETY,THANJAVUR,33210103603,ST. ANTONYS HSS-THANJAVUR,Yes,Christian
1035,DIOCESE OF THANJAVUR SOCIETY,THANJAVUR,33210202003,ST. MARY'S HIGH SCHOOL - THIRUKKANURPATTI,Yes,Christian
1035,DIOCESE OF THANJAVUR SOCIETY,THANJAVUR,33211402405,PUNITHA AROKIYA ANNAI AIDED HSS - PUNALVASAL,Yes,Christian
1035,DIOCESE OF THANJAVUR SOCIETY,PUDUKKOTTAI,33220506506,"ST.MARY'S HIGHER SEC SCHOOL, PUDUKKOTTAI.",Yes,Christian
1035,DIOCESE OF THANJAVUR SOCIETY,PUDUKKOTTAI,33220605703,"ST.JOSEPH HR.SEC.SCHOOL,VENKADAKULAM",Yes,Christian
1035,DIOCESE OF THANJAVUR SOCIETY,PUDUKKOTTAI,33220703608,ST.JOSEPH.HIGHER SECONDARY SCHOOL.KOTTAIKADU,Yes,Christian
1035,DIOCESE OF THANJAVUR SOCIETY,PUDUKKOTTAI,33221105401,"ST.MARYS R.C HIGH SCHOOL, EGANIVAYAL THENPATHI",Yes,Christian
1035,DIOCESE OF THANJAVUR SOCIETY,PUDUKKOTTAI,33221302107,"R.C.HIGH.SCHOOL ,PADIRIGUDI",Yes,Christian
1036,DOCTOR MARU HELP OF CHRISTIAN,VELLORE,33041301311,AUXILIUM HSS GANDHINAGAR,Yes,Christian
1037,FRANCISCAN MISSIONARIES OF THE PRESENTATION OF THE BLESSED VIRGIN MARY,TIRUPPUR,33330601006,ALOYSIUS GIRLS HSS DHARAPURAM,Yes,Christian
1037,FRANCISCAN MISSIONARIES OF THE PRESENTATION OF THE BLESSED VIRGIN MARY,TIRUPPUR,33330901809,CARMEL GIRLS HIGHER SECONDARY SCHOOL KANGAYAM,Yes,Christian
1037,FRANCISCAN MISSIONARIES OF THE PRESENTATION OF THE BLESSED VIRGIN MARY,TIRUPPUR,33332000125,PUNITHA AMALA ANNAI GIRLS HIGH SCHOOL (Aided),Yes,Christian
1037,FRANCISCAN MISSIONARIES OF THE PRESENTATION OF THE BLESSED VIRGIN MARY,TIRUPPUR,33332203603,"ST.S JOSEPH'S HIGH SCHOOL, KUMARAN ROAD,TIRUPPUR",Yes,Christian
1038,FRANCISCAN SISTERS OF SAINT ALOSIUS GONZAGA PUDUCHERRY,KALLAKURICHI,33071803302,AIDED ST.ANN'S HIGH SCHOOL THENSIRUVALLUR,Yes,Christian
1039,FRANCISCAN SISTERS OF SAINT ALOYSIUS GONZAGA PUDUCHERRY,KALLAKURICHI,33071805002,AIDED ST. JOSEPH'S HIGHER SECONDARY SCHOOL ULAGANKATHAN,Yes,Christian
1040,FRANCISCAN SISTERS OF ST ALOYSIUS GONZAGA,SALEM,33080902322,"ST. JOSEPH GIRLS HR. SEC. SCHOOL (AIDED),SURAMANGALAM",No,
1041,FRANCISCAN SISTERS OF ST ALOYSIUS GONZAGA PONDICHERRY,TIRUVANNAMALAI,33061307907,SA HSS (GIRLS) VETTAVALAM,Yes,Christian
1041,FRANCISCAN SISTERS OF ST ALOYSIUS GONZAGA PONDICHERRY,VILLUPURAM,33071205704,ST.JOSEPH'S GIRLS HIGHER SECONDARY SCHOOL MUGAIYUR,Yes,Christian
1042,FRANCISCAN SISTERS OF ST JOSEPH ST THOMAS MOUNT CHENNAI,PERAMBALUR,33160400111,"ST.DOMINIC'S GIRLS HIGHER SECONDARY SCHOOL, PERAMBALUR",Yes,Christian
1042,FRANCISCAN SISTERS OF ST JOSEPH ST THOMAS MOUNT CHENNAI,TIRUVALLUR,33010506302,"IMMACULATE HEART OF MARY'S GIRLS HIGHER SECONDARY SCHOOL, AVADI",Yes,Christian
1042,FRANCISCAN SISTERS OF ST JOSEPH ST THOMAS MOUNT CHENNAI,CHENNAI (EXT. GCC),33020700712,ST. JOSEPH'S GIRLS HIGHER SECONDARY SCHOOL.,Yes,Christian
1042,FRANCISCAN SISTERS OF ST JOSEPH ST THOMAS MOUNT CHENNAI,TIRUPATHUR,33042000507,ST.JOSEPH GIRLS HSS JOLARPET,Yes,Christian
1042,FRANCISCAN SISTERS OF ST JOSEPH ST THOMAS MOUNT CHENNAI,TIRUVANNAMALAI,33060507816,SACRED HEART HSS(G),Yes,Christian
1043,FRANCISCAN SISTERS OF THE IMMACULATE HEART OF MARY CONGREGATION,KALLAKURICHI,33071802312,LITTLE FLOWER HIGHER SECONDARY SCHOOL CHINNASALEM,Yes,Christian
1044,GANTHI NAGAR EDUCATION SOSAITY,CUDDALORE,33181307331,RCT HSS CHIDAMBARAM,No,
1044,GANTHI NAGAR EDUCATION SOSAITY,CUDDALORE,33181307332,RANI SEETHAI HSS ANNAMALAI NAGAR,No,
1045,GENERAL MANAGEMENT OF RC SCHOOLS SIVAGANGAI RAMNADU,SIVAGANGAI,33230303204,ST MARYS HSS RAJAGAMBEERAM,Yes,Christian
1045,GENERAL MANAGEMENT OF RC SCHOOLS SIVAGANGAI RAMNADU,SIVAGANGAI,33230502601,"ST ANTONY'S HIGH SCHOOL, KALLADITHIDAL",Yes,Christian
1045,GENERAL MANAGEMENT OF RC SCHOOLS SIVAGANGAI RAMNADU,SIVAGANGAI,33230604602,"ST MARY'S GIRLS HR SEC SCHOOL, DEVAKOTTAI",Yes,Christian
1045,GENERAL MANAGEMENT OF RC SCHOOLS SIVAGANGAI RAMNADU,SIVAGANGAI,33230606703,"ST. PAUL'S HIGH SCHOOL, SARUGANI",Yes,Christian
1045,GENERAL MANAGEMENT OF RC SCHOOLS SIVAGANGAI RAMNADU,SIVAGANGAI,33230607102,"RC HIGH SCHOOL, KEELAUCHANI",Yes,Christian
1045,GENERAL MANAGEMENT OF RC SCHOOLS SIVAGANGAI RAMNADU,SIVAGANGAI,33230801202,"L.F.R.C HIGHER SECONDARY SCHOOL, KARAIKUDI",Yes,Christian
1045,GENERAL MANAGEMENT OF RC SCHOOLS SIVAGANGAI RAMNADU,SIVAGANGAI,33231200110,"BRITTO HR.SEC.SCHOOL, KALLAL",Yes,Christian
1046,HINDHU NADAR PARIBALAN,DINDIGUL,33130200206,N.S.V.V.B HSS PATTIVEERANPATTI,No,
1046,HINDHU NADAR PARIBALAN,DINDIGUL,33130200207,N.S.V.V.G HSS PATTIVEERANPATTI,No,
1047,HINDU EDUCATIONAL SOCIETY AMBUR,TIRUPATHUR,33041703421,HINDU G HSS AMBUR,No,
1047,HINDU EDUCATIONAL SOCIETY AMBUR,TIRUPATHUR,33041703422,HINDU HR SEC SCHOOL AMBUR,No,
1048,HINDU NADAR URAVINMURAI AGENCY,DINDIGUL,33130701408,"HNUPR GIRLS HSS,NILAKOTTAI",No,
1048,HINDU NADAR URAVINMURAI AGENCY,DINDIGUL,33130701412,"NADAR HS,NILAKOTTAI",No,
1049,IELC,TIRUNELVELI,33291800120,CONCORDIA HR SEC SCHOOL VALLIYOOR,Yes,Christian
1049,IELC,TIRUNELVELI,33291800618,CONCORDIA HSS VADAKANKULAM,Yes,Christian
1050,IELC AMBUR SYNOD AMBUR,VELLORE,33041607601,"AHS CONCORDIA, PERNAMBUT",Yes,Christian
1050,IELC AMBUR SYNOD AMBUR,TIRUPATHUR,33041703420,CONCORDIA HSS AMBUR,Yes,Christian
1050,IELC AMBUR SYNOD AMBUR,TIRUPATHUR,33041901542,CONCORDIA HSS VANIYAMBADI,Yes,Christian
1050,IELC AMBUR SYNOD AMBUR,KRISHNAGIRI,33311201607,CONCORDIA HSS BARGUR,Yes,Christian
1051,IMMACULATE HEART OF MARY CONGREGATION,CHENGALPATTU,33031103905,"ST JOSEPH AIDED HS,KK PUDHUR",Yes,Christian
1052,IMMACULATE HEART OF MARYS PROVINCIALATE,VILLUPURAM,33070200104,IMMACULATE HIGH SCHOOL VELANTHANGAL,Yes,Christian
1052,IMMACULATE HEART OF MARYS PROVINCIALATE,KALLAKURICHI,33072100305,ST. ANNE'S GIRLS HIGHER SECONDARY SCHOOL ERAIYUR,Yes,Christian
1052,IMMACULATE HEART OF MARYS PROVINCIALATE,KALLAKURICHI,33072107505,BESCHI HIGHER SECONDARY SCHOOL ULUNDURPET,Yes,Christian
1052,IMMACULATE HEART OF MARYS PROVINCIALATE,SALEM,33082101404,"LITTLE FLOWER AIDED PS, SALEM 7",Yes,Christian
1052,IMMACULATE HEART OF MARYS PROVINCIALATE,CUDDALORE,33180104937,ST ANNE'S GIRLS HIGHER SECONDARY SCHOOL - PUDHUPALAYAM,Yes,Christian
1052,IMMACULATE HEART OF MARYS PROVINCIALATE,CUDDALORE,33180105013,"ST PHILOMINA'S GIRLS HIGH SCHOOL,CUDDALORE PORT",Yes,Christian
1052,IMMACULATE HEART OF MARYS PROVINCIALATE,KANNIYAKUMARI,33300203003,ST. MICHAEL'S HIGH SCHOOL VETHAKARANKUDIYIRUPPU,Yes,Christian
1052,IMMACULATE HEART OF MARYS PROVINCIALATE,KANNIYAKUMARI,33300205503,LITTLE FLOWER (G ) HR .SEC.SCHOOL -RAMANPUTHUR,Yes,Christian
1052,IMMACULATE HEART OF MARYS PROVINCIALATE,KANNIYAKUMARI,33300300206,LITTLE FLOWER HS-MANAKUDY,Yes,Christian
1052,IMMACULATE HEART OF MARYS PROVINCIALATE,KANNIYAKUMARI,33300400313,ST.JOSEPH'S H.S- SAREL.,Yes,Christian
1052,IMMACULATE HEART OF MARYS PROVINCIALATE,KANNIYAKUMARI,33300400314,"SACRED HEART HIGH SCHOOL, KADIAPATTANAM",Yes,Christian
1052,IMMACULATE HEART OF MARYS PROVINCIALATE,KANNIYAKUMARI,33300800707,"ST. ANTONY'S HIGH SCHOOL, MULLANGANAVILAI",Yes,Christian
1052,IMMACULATE HEART OF MARYS PROVINCIALATE,SALEM,33081700105,FATHIMA GIRLS HR. SEC. SCHOOL,Yes,Christian
1053,INDIAN EVANGELICAL LUTHERAN CHURCH,KANNIYAKUMARI,33300203601,CONCORDIA HIGH SCHOOL NAGERCOIL,Yes,Christian
1053,INDIAN EVANGELICAL LUTHERAN CHURCH,KANNIYAKUMARI,33300800708,CONCORDIA HR.SEC.SCHOOL-POTTETI,Yes,Christian
1053,INDIAN EVANGELICAL LUTHERAN CHURCH,KANNIYAKUMARI,33300900117,"CONCORDIA LUTHERAN HIGH SCHOOL, KALPARAPOTTAI",Yes,Christian
1054,JESUIT MADURAI PROVINCE,DINDIGUL,33131501802,"ST MARYS HSS,WARD-12",Yes,Christian
1054,JESUIT MADURAI PROVINCE,TIRUCHIRAPPALLI,33150901009,"ST.JOSEPH'S COLLEGE HR. SECONDARY SCHOOL, MAINGUARDGATE",Yes,Christian
1054,JESUIT MADURAI PROVINCE,MADURAI,33241518103,"ST.MARY'S HR SEC SCHOOL, EAST VELI ST.",Yes,Christian
1054,JESUIT MADURAI PROVINCE,TIRUNELVELI,33292002505,ST XAVIER'S HR SEC SCHOOL PALAYAMKOTTAI,Yes,Christian
1054,JESUIT MADURAI PROVINCE,KANNIYAKUMARI,33300205504,"CARMEL HR.SEC.SCHOOL RAMANPUTHUR ,NAGERCOIL",Yes,Christian
1054,JESUIT MADURAI PROVINCE,RAMANATHAPURAM,33270110302,"ST. ARULANANDAR HIGHER SECONDARY SCHOOL, ORIYUR",Yes,Christian
1054,JESUIT MADURAI PROVINCE,SIVAGANGAI,33230604501,"DE BRITTO HSS, DEVAKOTTAI",Yes,Christian
1054,JESUIT MADURAI PROVINCE,THOOTHUKKUDI,33280101904,"ST. FRANCIS XAVIERS HSS, CHINNAKOVIL",Yes,Christian
1055,KUMBAKONAM DIOCESE SOCIETY,ARIYALUR,33320100805,ST. MICHEALS AIDED HIGH SCHOOL KEELAMICHAELPATTY,Yes,Christian
1055,KUMBAKONAM DIOCESE SOCIETY,ARIYALUR,33320103003,BHARATHA MATHA RC HR SEC SCHOOL NADUVALUR,Yes,Christian
1055,KUMBAKONAM DIOCESE SOCIETY,ARIYALUR,33320500903,ST PHILOMINAL HR SEC SCHOOL KULUMUR,Yes,Christian
1055,KUMBAKONAM DIOCESE SOCIETY,ARIYALUR,33320700807,"ST.MARY'S HIGH SCHOOL, ARIYALUR",Yes,Christian
1055,KUMBAKONAM DIOCESE SOCIETY,ARIYALUR,33320802305,ALANGARA ANNAI(GIRLS) HSS VARADHARAJANPET,Yes,Christian
1055,KUMBAKONAM DIOCESE SOCIETY,ARIYALUR,33320804303,ANNAI LOURD(GIRLS)HSS THENNUR,Yes,Christian
1055,KUMBAKONAM DIOCESE SOCIETY,ARIYALUR,33320902803,R C FATHIMA HS VADAVEEKKAM,Yes,Christian
1055,KUMBAKONAM DIOCESE SOCIETY,ARIYALUR,33321001703,ST. IGNATIUS KULAMANICKAM,Yes,Christian
1055,KUMBAKONAM DIOCESE SOCIETY,ARIYALUR,33321004802,ST. IGNATIUS HIGH SCHOOL KOKKUDI,Yes,Christian
1055,KUMBAKONAM DIOCESE SOCIETY,TIRUCHIRAPPALLI,33150201402,"ST.ANTONY'S HSS,KONNAIKUDI",Yes,Christian
1055,KUMBAKONAM DIOCESE SOCIETY,TIRUCHIRAPPALLI,33150201703,"ST.MARY'S HIGH SCHOOL,PALLIVIDAI",Yes,Christian
1055,KUMBAKONAM DIOCESE SOCIETY,TIRUCHIRAPPALLI,33150300305,"ST.XAVIER'S H.S.S, PURATHAKUDI",Yes,Christian
1055,KUMBAKONAM DIOCESE SOCIETY,TIRUCHIRAPPALLI,33150300403,"ST.THERASA'S AID. HS,KONALAI",Yes,Christian
1055,KUMBAKONAM DIOCESE SOCIETY,TIRUCHIRAPPALLI,33150801204,"ST.PETER'S HSS,VIRAGALUR",Yes,Christian
1055,KUMBAKONAM DIOCESE SOCIETY,TIRUCHIRAPPALLI,33150802804,"R C MEETPER HS, RAMANATHAPURAM",Yes,Christian
1055,KUMBAKONAM DIOCESE SOCIETY,TIRUCHIRAPPALLI,33151202711,"ST. MARYS AIDED HS, THOTTIYAM NORTH",Yes,Christian
1056,KUNDRAKUDI THIRUVANNAMALAI AATHINA TRUST EDUCATIONAL AGENCY,SIVAGANGAI,33231000907,VALLAL PARI HSS PIRANMALAI,No,
1056,KUNDRAKUDI THIRUVANNAMALAI AATHINA TRUST EDUCATIONAL AGENCY,SIVAGANGAI,33231201702,"D.K.G.HR.SEC..SCH,KUNDRAKUDI",No,
1057,KUNDRAKUDI TIRUVANNAMALAI ATHEENAM TRUST,ERODE,33100709201,"AHSS, ATM, VAIRAPALAYAM",No,
1057,KUNDRAKUDI TIRUVANNAMALAI ATHEENAM TRUST,DINDIGUL,33131200512,"THIRUPPATHI ARULNERI HR.SEC.SCHOOL,KALLIMANDAYAM",No,
1057,KUNDRAKUDI TIRUVANNAMALAI ATHEENAM TRUST,TIRUNELVELI,33290602310,GOMATHI ARULNERI GIRLS HR SEC SCHOOL KALAKAD,No,
1057,KUNDRAKUDI TIRUVANNAMALAI ATHEENAM TRUST,TIRUNELVELI,33291107013,SENTHILANDAVAN ARULNERI HIGH SCHOOL VIJAYA ACHEMBADU,No,
1058,LATIN ARCH DIOCESE OF TRIVANDRUM,KANNIYAKUMARI,33300900121,ST ALOYSIUS HSS MARTHANDANTHURAI,Yes,Christian
1058,LATIN ARCH DIOCESE OF TRIVANDRUM,KANNIYAKUMARI,33300900129,ST NICHOLOSE HS NEERODITHURAI,Yes,Christian
1058,LATIN ARCH DIOCESE OF TRIVANDRUM,KANNIYAKUMARI,33300900214,PIUS XI HSS THOOTHOOR,Yes,Christian
1059,LATVIAN EVANGELICAL LUTHERAN CHURCH,TIRUCHIRAPPALLI,33150203402,"INFANT JESUS HSS, S VINAYAGAPURAM",Yes,Christian
1060,MADRAS SOCIETY SISTERS OF ST ANNES MADRAS PROVINCE,VELLORE,33041300604,AHS ST.XAVIER'S CHRISTIANPET,Yes,Christian
1061,MADURAI COLLEGE BOARD,MADURAI,33241415601,"MADURA COLLEGE HR SEC SCHOOL, RMS ROAD, MADURAI",No,
1061,MADURAI COLLEGE BOARD,MADURAI,33241415903,"SETUPATI HR SEC SCHOOL, NORTHVELI STREET",No,
1062,MADURAI SOURASHTRA HIGH SCHOOL CONCIL,MADURAI,33241516402,"SOURASHTRA (CO-ED) HR SEC SCHOOL, NETHAJI ROAD, MADURAI",Yes,Linguistic-Sowrashtra
1062,MADURAI SOURASHTRA HIGH SCHOOL CONCIL,MADURAI,33241517502,"SOURASHTRA BOYS HR SEC SCHOOL, MADURAI",Yes,Linguistic-Sowrashtra
1063,MKN MADARASA WAQB BOARD,THANJAVUR,33211204810,KHADIR MOHIDEEN HSS BOYS ADIRAMPATTINAM,Yes,Muslim
1063,MKN MADARASA WAQB BOARD,THANJAVUR,33211204811,KHADIR MOHIDEEN HSS GIRLS-ADIRAMPATTINAM,Yes,Muslim
1064,MONFORT BROTHERS OF SAINT GABRIEL SOCIETY BANGALORE,KANCHEEPURAM,33030406405,L. F. H. S. S (Aided) THERESAPURAM,Yes,Christian
1064,MONFORT BROTHERS OF SAINT GABRIEL SOCIETY BANGALORE,CHENGALPATTU,33030705232,"ST.JOSEPH AIDED HSS,CHENGALPATTU",Yes,Christian
1064,MONFORT BROTHERS OF SAINT GABRIEL SOCIETY BANGALORE,CHENNAI (EXT. GCC),33030903146,MONTFORT HSS ALANDUR,Yes,Christian
1064,MONFORT BROTHERS OF SAINT GABRIEL SOCIETY BANGALORE,THE NILGIRIS,33110200622,"ST.ANTONY'S HR. SEC. SCHOOL, COONOOR",Yes,Christian
1065,MONTFORT BROTHERS OF ST GABRIEL TRICHY PROVINCY,THOOTHUKKUDI,33280907901,"RC SUSAI HSS, KALUGUMALAI .",Yes,Christian
1066,MOTHER OF SORROWS SERVENTS OF MARY,CHENNAI (EXT. GCC),33020800302,ST JOSEPH HIGH SCHOOL,Yes,Christian
1066,MOTHER OF SORROWS SERVENTS OF MARY,THANJAVUR,33210403003,ST PETER PAULS HS -MUTHANDIPATTI,Yes,Christian
1067,NADAR MAHAJANA SHABA,RAMANATHAPURAM,33271006602,"N.M.S. HIGH SCHOOL, METHALODAI",No,
1068,NATIONAL NAGAPATTINAM,NAGAPATTINAM,33190103001,NATIONAL AIDED HIGHER SECONDARY SCHOOL NAGORE,No,
1068,NATIONAL NAGAPATTINAM,NAGAPATTINAM,33190103128,NATIONAL AIDED HIGHER SECONDARY SCHOOL NAGAPATTINAM,No,
1069,NEYVELI LIGNITE CORPORATION,CUDDALORE,33180400842,NLC GIRLS HIGHER SECONDARY SCHOOL BLOCK-11 NEYVELI -TS,No,
1069,NEYVELI LIGNITE CORPORATION,CUDDALORE,33180400843,"NLC BOYS HIGHER SECONDARY SCHOOL BLOCK-10, NEYVELI -TS",No,
1069,NEYVELI LIGNITE CORPORATION,CUDDALORE,33180400844,NLC HIGH SCHOOL BLOCK-26 NEYVELI-TS,No,
1069,NEYVELI LIGNITE CORPORATION,CUDDALORE,33180400845,"NLC HIGHER SECONDARY SCHOOL MANDARAKUPPAM,.NEYVELI.-607802",No,
1069,NEYVELI LIGNITE CORPORATION,CUDDALORE,33180400846,NLC GIRLS HIGH SCHOOL MANDARAKUPPAM NEYVELI- 607802..,No,
1070,NILGIRIS DIOCESAN SOCIETY,ERODE,33100101905,ST.IGNATIUS HSS BUDAPADI,Yes,Christian
1070,NILGIRIS DIOCESAN SOCIETY,ERODE,33100201109,"ST. MICHAEL'S HSS, MICHAELPALAYAM.",Yes,Christian
1070,NILGIRIS DIOCESAN SOCIETY,ERODE,33100201305,ST.SEBASTIAN'S HIGH SCHOOL NAGALUR,Yes,Christian
1070,NILGIRIS DIOCESAN SOCIETY,ERODE,33101705003,"ST JOSEPH'S HIGHER SECONDARY SCHOOL, SOOSAIPURAM",Yes,Christian
1070,NILGIRIS DIOCESAN SOCIETY,ERODE,33101802007,"ST. FRANCIS XAVIER HR SEC SCHOOL, PERIYA KODIVERY",Yes,Christian
1070,NILGIRIS DIOCESAN SOCIETY,THE NILGIRIS,33110101535,ST.THERESAS HS FINGER POST OOTY,Yes,Christian
1070,NILGIRIS DIOCESAN SOCIETY,THE NILGIRIS,33110101580,ST.JOSEPHS HSS OOTY,Yes,Christian
1070,NILGIRIS DIOCESAN SOCIETY,THE NILGIRIS,33110200647,"ST. JOSEPHS BOYS HIGH SCHOOL, WELLINGTON BARRACKS",Yes,Christian
1070,NILGIRIS DIOCESAN SOCIETY,THE NILGIRIS,33110201013,"SIRUMALAR HIGH SCHOOL, SELAS",Yes,Christian
1070,NILGIRIS DIOCESAN SOCIETY,THE NILGIRIS,33110301116,"ST.MARY'S HS, KOTAGIRI",Yes,Christian
1070,NILGIRIS DIOCESAN SOCIETY,THE NILGIRIS,33110400821,ST. MARY'S HIGH SCHOOL UPPER GUDALUR,Yes,Christian
1071,PACHAIYAPPAS TRUST CHENNAI,CHENNAI (EXT. GCC),33020201712,PACHAIYAPPAS COLLEGE HSS,No,
1071,PACHAIYAPPAS TRUST CHENNAI,KANCHEEPURAM,33030105453,Pachaiyappa's HSS,No,
1071,PACHAIYAPPAS TRUST CHENNAI,CUDDALORE,33181307338,PACHAIYAPPA'S HIGHER SECONDARY SCHOOL CHIDAMBARAM,No,
1071,PACHAIYAPPAS TRUST CHENNAI,KANCHEEPURAM,33030105463,"PACHAIYAPPA'S BRANCH, KANCHIPURAM",No,
1072,PALAYAMKOTTAI DIOCESAN RC,TIRUNELVELI,33290902804,ST ANTONY'S HSS ALAVANTHANKULAM,Yes,Christian
1072,PALAYAMKOTTAI DIOCESAN RC,TIRUNELVELI,33291009903,"THIRU IRUTHAYA HR. SEC. SCHOOL, MELA ILANDAIKULAM",Yes,Christian
1072,PALAYAMKOTTAI DIOCESAN RC,TIRUNELVELI,33291304712,"PUNITHA PAUL HR SEC SCHOOL , SINGAMPARAI",Yes,Christian
1072,PALAYAMKOTTAI DIOCESAN RC,TIRUNELVELI,33292104902,"St. Antony's HS, Pettai",Yes,Christian
1073,PRESENTATION OF THE BLESSED VIRGIN MARY,CHENNAI (EXT. GCC),33021000302,SACRED HEART GIRLS HIGH SCHOOL,Yes,Christian
1074,RANIMAIYAMMAI,DINDIGUL,33130400308,"RANI MEYYAMMAI HSS, CCC QUARRY",No,
1074,RANIMAIYAMMAI,KARUR,33140201711,RANI MEYYAMMAI HR. SEC. SCHOOL,No,
1075,RAVALATHUL JANNAH EDUCATIONAL SOCITY ULUNDURPET,KALLAKURICHI,33072107103,RAVLATHUL JANNAH ORIENTAL HIGH SCHOOL ULUNDURPET,Yes,Muslim
1076,RC MANAGEMENT,NAGAPATTINAM,33190401705,CHRIST THE KING SPECIAL HIGHER SECONDARY SCHOOL VAILANKANNI,Yes,Christian
1076,RC MANAGEMENT,NAGAPATTINAM,33190401706,CHRIST THE KING HS-VAILANKANNI,Yes,Christian
1076,RC MANAGEMENT,PUDUKKOTTAI,33220607102,"PUNITHA ARPUTHA MATHA MIDDLE SCHOOL,ALANGUDI",Yes,Christian
1077,RC SCHOOLS THE COIMBATORE DIOCESE,KARUR,33140201408,ST.MARY'S AIDED HIGH SCHOOL,Yes,Christian
1078,REGULAR TERTIARY FRANCISCAN SISTERS OF OUR LADY OF BON SECOURS SOCIETY,PUDUKKOTTAI,33220400303,"ST MARY'S HIGHER SECONDARY SCHOOL, THACHANKURICHI",Yes,Christian
1078,REGULAR TERTIARY FRANCISCAN SISTERS OF OUR LADY OF BON SECOURS SOCIETY,PUDUKKOTTAI,33220506901,"SACRED HEART GIRLS HR.SEC SCHOOL, PUDUKKOTTAI",Yes,Christian
1078,REGULAR TERTIARY FRANCISCAN SISTERS OF OUR LADY OF BON SECOURS SOCIETY,TIRUVALLUR,33010505101,RCM PRIMARY SCHOOL KARAYANCHAVADI,Yes,Christian
1078,REGULAR TERTIARY FRANCISCAN SISTERS OF OUR LADY OF BON SECOURS SOCIETY,TIRUVALLUR,33010505103,RCM HIGH SCHOOL KARAYANCHAVADI,Yes,Christian
1078,REGULAR TERTIARY FRANCISCAN SISTERS OF OUR LADY OF BON SECOURS SOCIETY,CHENNAI (EXT. GCC),33020700201,ST AUGUSTINE MIDDLE SCHOOL,Yes,Christian
1078,REGULAR TERTIARY FRANCISCAN SISTERS OF OUR LADY OF BON SECOURS SOCIETY,CHENNAI (EXT. GCC),33020901014,"ST. FRANCIS XAVIER PRIMARY SCHOOL, LIITLE MOUNT, CHENNAI-15",Yes,Christian
1078,REGULAR TERTIARY FRANCISCAN SISTERS OF OUR LADY OF BON SECOURS SOCIETY,CHENNAI (EXT. GCC),33020901015,"ST. FRANCIS XAVIER HIGH SCHOOL, LITTLEMOUNT,CHENNAI-15",Yes,Christian
1078,REGULAR TERTIARY FRANCISCAN SISTERS OF OUR LADY OF BON SECOURS SOCIETY,CHENNAI (EXT. GCC),33021001203,ST FRANCIS XAVIER MIDDLE SCHOOL,Yes,Christian
1078,REGULAR TERTIARY FRANCISCAN SISTERS OF OUR LADY OF BON SECOURS SOCIETY,CHENNAI (EXT. GCC),33021001304,ST.LAZARUS MIDDLE SCH00L,Yes,Christian
1078,REGULAR TERTIARY FRANCISCAN SISTERS OF OUR LADY OF BON SECOURS SOCIETY,CHENNAI (EXT. GCC),33021001305,ST. ANTONY'S GIRLS HR .SEC SCHOOL,Yes,Christian
1078,REGULAR TERTIARY FRANCISCAN SISTERS OF OUR LADY OF BON SECOURS SOCIETY,KANCHEEPURAM,33030105413,"ST.JOSEPH(AIDED)PS, KANCHIPURAM",Yes,Christian
1078,REGULAR TERTIARY FRANCISCAN SISTERS OF OUR LADY OF BON SECOURS SOCIETY,KANCHEEPURAM,33030105414,"MariyaAuxilium(Aided)HSS(G),Kanchi",Yes,Christian
1078,REGULAR TERTIARY FRANCISCAN SISTERS OF OUR LADY OF BON SECOURS SOCIETY,KANCHEEPURAM,33030400502,RCM (AIDED) PS CHELLAMPATTIDAI,Yes,Christian
1078,REGULAR TERTIARY FRANCISCAN SISTERS OF OUR LADY OF BON SECOURS SOCIETY,KANCHEEPURAM,33030400503,"RCM (Aided) HS,Chellampattidai",Yes,Christian
1078,REGULAR TERTIARY FRANCISCAN SISTERS OF OUR LADY OF BON SECOURS SOCIETY,CHENGALPATTU,33030903201,"ST.JOSEPH PS, PALLAVARAM",Yes,Christian
1078,REGULAR TERTIARY FRANCISCAN SISTERS OF OUR LADY OF BON SECOURS SOCIETY,CHENGALPATTU,33030903202,"ST.THERESA GIRLS HSS, PALLAVARAM",Yes,Christian
1078,REGULAR TERTIARY FRANCISCAN SISTERS OF OUR LADY OF BON SECOURS SOCIETY,RANIPET,33040101508,RCM HS ARAKKONAM,Yes,Christian
1078,REGULAR TERTIARY FRANCISCAN SISTERS OF OUR LADY OF BON SECOURS SOCIETY,RANIPET,33040102602,R C M MIDD SCHOOL URIYURKUPPAM,Yes,Christian
1078,REGULAR TERTIARY FRANCISCAN SISTERS OF OUR LADY OF BON SECOURS SOCIETY,KALLAKURICHI,33071707602,ROMAN CATHOLIC PRIMARY SCHOOL MAYAMPADI,Yes,Christian
1078,REGULAR TERTIARY FRANCISCAN SISTERS OF OUR LADY OF BON SECOURS SOCIETY,DINDIGUL,33131503804,"OUR LADY OF LOURDES GIRLS HIGHER SECONDARY SCHOOL, DINDIGUL-624002",Yes,Christian
1078,REGULAR TERTIARY FRANCISCAN SISTERS OF OUR LADY OF BON SECOURS SOCIETY,TIRUCHIRAPPALLI,33151102806,"INFANT JESUS GIRLS HR SEC SCHOOL, THUVAKUDI MALAI",Yes,Christian
1078,REGULAR TERTIARY FRANCISCAN SISTERS OF OUR LADY OF BON SECOURS SOCIETY,TIRUVARUR,33200504801,APS RC FATHIMA TIRUVARUR,Yes,Christian
1078,REGULAR TERTIARY FRANCISCAN SISTERS OF OUR LADY OF BON SECOURS SOCIETY,TIRUVARUR,33200504804,"AHS RC FATHIMA , THIRUVARUR",Yes,Christian
1078,REGULAR TERTIARY FRANCISCAN SISTERS OF OUR LADY OF BON SECOURS SOCIETY,TIRUVARUR,33200605303,"APS,ST,JOSEPH MANNARGUDI",Yes,Christian
1078,REGULAR TERTIARY FRANCISCAN SISTERS OF OUR LADY OF BON SECOURS SOCIETY,TIRUVARUR,33200605329,"AGHSS ST.JOSEPH, MANNARGUDI",Yes,Christian
1078,REGULAR TERTIARY FRANCISCAN SISTERS OF OUR LADY OF BON SECOURS SOCIETY,TIRUVARUR,33200605360,AHS ST JOSEPH MANNARGUDI,Yes,Christian
1078,REGULAR TERTIARY FRANCISCAN SISTERS OF OUR LADY OF BON SECOURS SOCIETY,TIRUVARUR,33200800202,"APS, ST ANTONY'S PRIMARY ADICHAPURAM",Yes,Christian
1078,REGULAR TERTIARY FRANCISCAN SISTERS OF OUR LADY OF BON SECOURS SOCIETY,TIRUVARUR,33200800204,"AHS , ST ANTONY'S HIGH SCHOOL ADICHAPURAM",Yes,Christian
1078,REGULAR TERTIARY FRANCISCAN SISTERS OF OUR LADY OF BON SECOURS SOCIETY,TIRUVARUR,33200903304,"AHSS,ST.THERASA,TTP",Yes,Christian
1078,REGULAR TERTIARY FRANCISCAN SISTERS OF OUR LADY OF BON SECOURS SOCIETY,THANJAVUR,33210103902,ST. JOSEPH (GIRLS) HSS-THANJAVUR,Yes,Christian
1078,REGULAR TERTIARY FRANCISCAN SISTERS OF OUR LADY OF BON SECOURS SOCIETY,THANJAVUR,33211203604,ST. JOSEPH'S HSS-SANJAYA NAGAR,Yes,Christian
1078,REGULAR TERTIARY FRANCISCAN SISTERS OF OUR LADY OF BON SECOURS SOCIETY,THANJAVUR,33211204722,ST. ISABEL GIRLS HSS-PATTUKOTTAI,Yes,Christian
1078,REGULAR TERTIARY FRANCISCAN SISTERS OF OUR LADY OF BON SECOURS SOCIETY,MADURAI,33240710003,ST.ANT.M.S KOODALNAGAR,Yes,Christian
1078,REGULAR TERTIARY FRANCISCAN SISTERS OF OUR LADY OF BON SECOURS SOCIETY,MADURAI,33240710004,"ST.ANTONY'S GIRLS HR SEC SCHOOL, KOODAL NAGAR",Yes,Christian
1078,REGULAR TERTIARY FRANCISCAN SISTERS OF OUR LADY OF BON SECOURS SOCIETY,MADURAI,33241414702,"ST.JOHN DE BRITTO MS, THATHTHANERI",Yes,Christian
1078,REGULAR TERTIARY FRANCISCAN SISTERS OF OUR LADY OF BON SECOURS SOCIETY,THOOTHUKKUDI,33280102003,"DASNEVIS MATHA GIRLS HSS, LIONS TOWN",Yes,Christian
1079,ROMAN CATHOLIC DIOCESE OF TIRUCHIRAPALLI,PUDUKKOTTAI,33220103407,PUNITHA AROCKIYA ANNAI HIGHER SECONDARY SCHOOL KEERANUR,Yes,Christian
1079,ROMAN CATHOLIC DIOCESE OF TIRUCHIRAPALLI,PUDUKKOTTAI,33220204904,"RC.HIGHER SECONDARY SCHOOL,ILLUPPUR.",Yes,Christian
1079,ROMAN CATHOLIC DIOCESE OF TIRUCHIRAPALLI,PUDUKKOTTAI,33220301403,ST.THOMAS HIGHER SECONDARY SCHOOL NAZARETH,Yes,Christian
1080,ROMAN CATHOLIC OF DIOCESE OF TANJORE,PUDUKKOTTAI,33220800601,"CHRISTURAJA HIGH SCHOOL, IRUTHAYAPURAM",Yes,Christian
1080,ROMAN CATHOLIC OF DIOCESE OF TANJORE,PUDUKKOTTAI,33221202303,"ST. JOSEPH HR. SEC. SCHOOL, VICHOOR",Yes,Christian
1081,ROMAN CATHOLIC SCHOOLS,DHARMAPURI,33050205603,"ST JOHNS HIGH SCHOOL, KOVILUR",Yes,Christian
1081,ROMAN CATHOLIC SCHOOLS,DHARMAPURI,33050410802,"SACRED HEART HR. SEC. SCHOOL, SELLIYAMPATTI",Yes,Christian
1081,ROMAN CATHOLIC SCHOOLS,DHARMAPURI,33050610103,"ST. JOSEPH'S HIGH SCHOOL, THENKARAIKOTTAI",Yes,Christian
1081,ROMAN CATHOLIC SCHOOLS,DHARMAPURI,33050701402,"CARMEL HR. SEC. SCHOOL, B. PALLIPATTY",Yes,Christian
1081,ROMAN CATHOLIC SCHOOLS,DHARMAPURI,33050802208,"ST. MARY'S HR. SEC. SCHOOL, HARUR",Yes,Christian
1081,ROMAN CATHOLIC SCHOOLS,KRISHNAGIRI,33311009516,"R.C.FATIMA BOYS HS, KRISHNAGIRI",Yes,Christian
1081,ROMAN CATHOLIC SCHOOLS,KRISHNAGIRI,33311202802,ST.ANTONY'S HSS ELATHAGIRI,Yes,Christian
1081,ROMAN CATHOLIC SCHOOLS,KRISHNAGIRI,33311611802,JOHN BRITTO HSS ANIYALAM,Yes,Christian
1082,ROSE VILLA SERVITE PROVINCIALATE,SALEM,33081501416,"ST.MARY'S HR. SEC.SCHOOL, METTUR DAM",Yes,Christian
1083,SALESIAN MISSIONARIES OF MARY IMMACULATE SOCIETY,ARIYALUR,33320900105,FATHIMA (G) HSS JAYANKONDAM,Yes,Christian
1083,SALESIAN MISSIONARIES OF MARY IMMACULATE SOCIETY,THANJAVUR,33210400102,SINNARANI AHS- A.POONDI,Yes,Christian
1083,SALESIAN MISSIONARIES OF MARY IMMACULATE SOCIETY,THANJAVUR,33210801703,ST. GABRIELS GIRLS HSS-PASUPATHI KOVIL,Yes,Christian
1084,SALESIAN SISTERS SOCIETY,THANJAVUR,33210103502,AUXILIUM GIRLS HIGHER SECONDARY SCHOOL-THANJAVUR,Yes,Christian
1085,SALVATION ARMY,TIRUNELVELI,33291800114,"SA NOBLE MEMORIAL HS, VALLIYOOR",Yes,Christian
1086,SCHOOLS OF SALVATION ARMY,KANNIYAKUMARI,33300201401,"SALVATION ARMY HSS,VETTOORNIMADAM",Yes,Christian
1087,SERVITE GENERALATE,DINDIGUL,33131501105,"ST. JOSEPH'S GIRLS HSS,WARD13, DINDIGUL",Yes,Christian
1087,SERVITE GENERALATE,TIRUCHIRAPPALLI,33150902201,"HOLY REDEEMER'S GIRLS HSS, PALAKARAI",Yes,Christian
1087,SERVITE GENERALATE,TIRUCHIRAPPALLI,33151003603,"St.Joseph's Girls' Hr. Sec. School, Ponmalaipatti",Yes,Christian
1087,SERVITE GENERALATE,TIRUCHIRAPPALLI,33151004707,"St. Philomena's Girls Hr. Sec. School, Melapudur,",Yes,Christian
1087,SERVITE GENERALATE,MADURAI,33241100707,"SIRUMALAR GIRLS HR SEC SCHOOL, NAGAMALAI PUDUKOTTAI",Yes,Christian
1087,SERVITE GENERALATE,SIVAGANGAI,33230404306,ST MARY'S HIGH SCHOOL MICHAELPATTINAM,Yes,Christian
1087,SERVITE GENERALATE,TIRUNELVELI,33291403718,STELLA MARIS GIRLS HIGH SCHOOL TISAIYANVILAI,Yes,Christian
1087,SERVITE GENERALATE,TIRUNELVELI,33292002404,CHILD JESUS GIRLS HR SEC SCHOOL PALAYAMKOTTAI,Yes,Christian
1088,SERVITE GENERALATE CHENNAI ROMAN CATHOLIC SOCIETY OF THE CONGREGATION OF THE SISTERS OF OUR LADY OF,TENKASI,33291002313,"ST.JOSEPH'S GIRLS HIGHER SECONDARY SCHOOL, SENDAMARAM",Yes,Christian
1089,SISTER OF OUR LADY OF FATIMA,CHENGALPATTU,33030903251,HOLY ANGELS GIRLS HIGH SCHOOL CHROMEPET,Yes,Christian
1090,SISTER OF ST ANNES OF PROVINCE,THANJAVUR,33211403904,ST ANNES HIGH SCHOOL - ATHANUR,Yes,Christian
1091,SISTER OF THE CROSS CHAVNOD,RAMANATHAPURAM,33271101507,"HOLY CROSS GIRLS HIGHER SECONDARY SCHOOL, THANGACHIMADAM",Yes,Christian
1092,SISTERS OF CLUNY PROVINCILATE,RAMANATHAPURAM,33270813502,"ST. XAVIER CLUNY HIGHER SECONDARY SCHOOL, M.SAVERIARPATTANAM",Yes,Christian
1093,SISTERS OF OUR LADY OF FATIMA,KANCHEEPURAM,33030502203,"RCM HSS(Aided), Naduveerapattu",Yes,Christian
1094,SISTERS OF ST ANN OF PROVIDENCE SOUTHERN INDIA,CHENGALPATTU,33030705205,"St.Mary's Girls' Hr.Sec.School,Chengalpattu",Yes,Christian
1094,SISTERS OF ST ANN OF PROVIDENCE SOUTHERN INDIA,THE NILGIRIS,33110200650,"ST. ANN'S GIRLS HR. SEC. SCHOOL, ARUVANKADU",Yes,Christian
1095,SOCIETY OF MARY IMMACULATE,DHARMAPURI,33050211502,"AMALA HR. SEC. SCHOOL, VIMALAPURI",Yes,Christian
1096,SOCIETY OF MOTHER OF SAROS SERVANTS OF MARY,KRISHNAGIRI,33311601807,ST JOSEPHS HIGH SCHOOL AIDED,Yes,Christian
1097,SOCIETY OF SEVA MISSIONERIES,TIRUCHIRAPPALLI,33150500106,"ST.MARY'S HSS, SAMARIA, MANAPARAI",Yes,Christian
1098,SOCIETY OF SISTERS OF CHARITY,THE NILGIRIS,33110400826,"FATIMA GIRLS HIGHER SECONDARY SCHOOL , GUDALUR",Yes,Christian
1098,SOCIETY OF SISTERS OF CHARITY,THE NILGIRIS,33110401125,ST FRANCIS XAVIER(G) HS PANDALUR,Yes,Christian
1099,SOCIETY OF SISTERS OF THE ST ANNE CHENNAI,TIRUVALLUR,33010301701,ST ANNES PS KILACHERI,Yes,Christian
1099,SOCIETY OF SISTERS OF THE ST ANNE CHENNAI,THANJAVUR,33211402404,ST.ANNE'S GIRLS HIGH SCHOOL - PUNALVASAL,Yes,Christian
1099,SOCIETY OF SISTERS OF THE ST ANNE CHENNAI,KANNIYAKUMARI,33300800209,ST. ALOYSIUS GIRLS HSS VELLIAVILAI,Yes,Christian
1099,SOCIETY OF SISTERS OF THE ST ANNE CHENNAI,MADURAI,33241103402,"ST.ANNES GIRLS HR SEC SCHOOL, PERUNGUDI",Yes,Christian
1100,SOURASHTRA GIRLS VIDYA SANGAM,MADURAI,33241517709,"SOURASHTRA GIRLS HR SEC SCHOOL, ANUPPANADI",Yes,Linguistic-Sowrashtra
1101,SRI KALIYUGA VARATHARAJA PERUMAL KOIL EDUCATIONAL TRUST,ARIYALUR,33320701205,S K V P KOIL GIRLS HIGH SCHOOL KALLANKURICHI,No,
1102,SRI RAMAKRISHNA THAPOVANAM TIRUPPARAITHURAI THIRCHY,TIRUNELVELI,33291403722,SRI RAMAKRISHNA HR SEC SCHOOL TISAIYANVILAI,No,
1103,ST ANNES CONVENT,THANJAVUR,33210904607,RC AIDED HSS(G) - AMMAPETTAI,Yes,Christian
1104,ST JOSEPHS PROVINCE,MAYILADUTHURAI,33190706410,"ST.PAUL'S GIRLS' HIGHER SECONDARY SCHOOL, MAYILADUTHURAI",Yes,Christian
1104,ST JOSEPHS PROVINCE,MAYILADUTHURAI,33190706503,"ST ANTONYS HIGH SCHOOL, KORNAD",Yes,Christian
1104,ST JOSEPHS PROVINCE,TIRUVARUR,33200202602,"AHS, PERUMPANNAIYUR",Yes,Christian
1104,ST JOSEPHS PROVINCE,THANJAVUR,33210300404,SACRED HEART HSS- MICHAELPATTI,Yes,Christian
1104,ST JOSEPHS PROVINCE,THANJAVUR,33210304605,ST.JOSEPH HS-THIRUVAIYARU-E,Yes,Christian
1104,ST JOSEPHS PROVINCE,THANJAVUR,33210708303,ST JOSEPH AHSS KUMBAKONAM,Yes,Christian
1105,ST MARKS FRANCISCAN SOCITY,TIRUVALLUR,33010605202,"JOSEPH HS, KOTTAIKUPPAM",Yes,Christian
1105,ST MARKS FRANCISCAN SOCITY,CHENNAI (EXT. GCC),33011005706,"SAGAYA MATHA HS, A.S.NAGAR",Yes,Christian
1105,ST MARKS FRANCISCAN SOCITY,CHENNAI (EXT. GCC),33020901714,ST MARK'S HIGH SCHOOL,Yes,Christian
1105,ST MARKS FRANCISCAN SOCITY,KANCHEEPURAM,33030207802,"RCM AIDED HS, WALAJABAD",Yes,Christian
1105,ST MARKS FRANCISCAN SOCITY,CHENGALPATTU,33030903007,"RCM Aided HS., St. Thomas Mount",Yes,Christian
1106,ST SUSAIYAPPA CHURCH COUNCIL,CHENGALPATTU,33031200110,LITTLE FLOWER (G) HSS CHEYYUR,Yes,Christian
1106,ST SUSAIYAPPA CHURCH COUNCIL,VILLUPURAM,33070406910,ST. PHILOMENA'S GIRLS HIGHER SECONDARY SCHOOL TINDIVANAM,Yes,Christian
1106,ST SUSAIYAPPA CHURCH COUNCIL,CUDDALORE,33180103409,AHS - ANNAI VELANKANNI CLUNY- SATHANKUPPAM,Yes,Christian
1107,TAMIL EVANGELICAL LUTHERAN CHRUCH TIRCHY,TIRUVALLUR,33010204502,"TELC HR SEC SCH, PANDUR VIL",Yes,Christian
1107,TAMIL EVANGELICAL LUTHERAN CHRUCH TIRCHY,CHENNAI (EXT. GCC),33020501413,E.L.M.FABRICIUS HR.SEC.SCHOOL,Yes,Christian
1107,TAMIL EVANGELICAL LUTHERAN CHRUCH TIRCHY,CHENNAI (EXT. GCC),33020501422,TELC MAGDALENE GIRLS HSS,Yes,Christian
1107,TAMIL EVANGELICAL LUTHERAN CHRUCH TIRCHY,COIMBATORE,33120903307,TELC SR. BERGENDHAL GIRLS HR SEC SCHOOL,Yes,Christian
1107,TAMIL EVANGELICAL LUTHERAN CHRUCH TIRCHY,TIRUCHIRAPPALLI,33150200504,"TELC HIGH SCHOOL,SENGARAIYUR",Yes,Christian
1107,TAMIL EVANGELICAL LUTHERAN CHRUCH TIRCHY,TIRUCHIRAPPALLI,33151004705,"B.H.M. High School, Melapudur.",Yes,Christian
1107,TAMIL EVANGELICAL LUTHERAN CHRUCH TIRCHY,MAYILADUTHURAI,33190805610,"TELC THALTHAKUMI GIRLS HIGH SCHOOL, PORAYAR",Yes,Sikh
1107,TAMIL EVANGELICAL LUTHERAN CHRUCH TIRCHY,MAYILADUTHURAI,33190805611,"TELC BJM HIGHER SECONDARY SCHOOL,THARANGAMBADI",Yes,Christian
1107,TAMIL EVANGELICAL LUTHERAN CHRUCH TIRCHY,MAYILADUTHURAI,33191000604,LMC AIDED HR SEC SCHOOL SIRKALI,Yes,Christian
1107,TAMIL EVANGELICAL LUTHERAN CHRUCH TIRCHY,THANJAVUR,33210102503,GIRLS CHRISTIAN HSS-THANJAVUR,No,
1107,TAMIL EVANGELICAL LUTHERAN CHRUCH TIRCHY,PUDUKKOTTAI,33220504101,"TELC HIGHER SECONDARY SCHOOL, PUDUKKOTTAI,",Yes,Christian
1107,TAMIL EVANGELICAL LUTHERAN CHRUCH TIRCHY,MADURAI,33241202903,T E L C GIRLS' HIGHER SECONDARY SCHOOL USILAMPATTI,Yes,Christian
1107,TAMIL EVANGELICAL LUTHERAN CHRUCH TIRCHY,RAMANATHAPURAM,33270705307,"T.E.L.C. HIGH SCHOOL, MUDUKULATHUR",Yes,Christian
1108,TAMIL EVANGELICAL LUTHERAN CHURCH MADURAI,MADURAI,33241414810,"T.E.L.C. JEYARAJ ANNAPACKIAM HIGH SCHOOL, PONNAGARAM",Yes,Christian
1108,TAMIL EVANGELICAL LUTHERAN CHURCH MADURAI,MADURAI,33241415604,"UNION CHRISTIAN HR SEC SCHOOL, MADURAI",Yes,Christian
1109,TAMILNADU CATHOLIC EDUCATIONAL ASSOCIATION,NAMAKKAL,33090700420,"R.C.SACRED HEART AIDED HR.SEC.SCHOOL,RASIPURAM.",Yes,Christian
1109,TAMILNADU CATHOLIC EDUCATIONAL ASSOCIATION,COIMBATORE,33121400194,"THUYA IRUDAYA GIRLS HR SEC SCHOOL, VALPARAI",Yes,Christian
1110,TANJORE DIOCEASE RC,THANJAVUR,33211203903,ST.FRANCIS XAVIER'S HIGH SCHOOL- ANAIKKADU,Yes,Christian
1110,TANJORE DIOCEASE RC,THANJAVUR,33211204744,ST.THOMAS HIGHER SECONDARY SCHOOL PATTUKKOTTAI,Yes,Christian
1111,THANJAVUR CHRISTIAN EDUCATIONAL SOCIETY,TIRUVARUR,33200704201,"PAHS,MELALAVANTHACHERI",Yes,Christian
1111,THANJAVUR CHRISTIAN EDUCATIONAL SOCIETY,TIRUVARUR,33200704202,"APS, MELALAVANTHACHERI",Yes,Christian
1112,THE ARCH DIOCESE OF CHANGNNACHERY,KANNIYAKUMARI,33300600713,ST. JOSEPH'S HIGH SCHOOL PILANKALAI,Yes,Christian
1112,THE ARCH DIOCESE OF CHANGNNACHERY,KANNIYAKUMARI,33300700416,HF HSS MUKKUTTUKAL,Yes,Christian
1112,THE ARCH DIOCESE OF CHANGNNACHERY,KANNIYAKUMARI,33300700610,HOLY FAMILY H S ARUKANI,Yes,Christian
1112,THE ARCH DIOCESE OF CHANGNNACHERY,KANNIYAKUMARI,33300700611,ST.THOMAS HIGH SCHOOL-NETTA,Yes,Christian
1112,THE ARCH DIOCESE OF CHANGNNACHERY,KANNIYAKUMARI,33300700612,ST MARYS HSS KALIYAL,Yes,Christian
1112,THE ARCH DIOCESE OF CHANGNNACHERY,KANNIYAKUMARI,33300800507,ST. JHS VALIYAVILAI,Yes,Christian
1112,THE ARCH DIOCESE OF CHANGNNACHERY,KANNIYAKUMARI,33300900710,M.M.K.M. H.S. VARUTHATTU,Yes,Christian
1113,THE ARCOT LUTHERAN CHURCH,CUDDALORE,33180202505,"AHSS, G. CHR. HR. SEC. SCH, MELPATTAMPAKKAM",Yes,Christian
1113,THE ARCOT LUTHERAN CHURCH,CUDDALORE,33180204519,"AHSS, NELLIKUPPAM (DM)",Yes,Christian
1113,THE ARCOT LUTHERAN CHURCH,CUDDALORE,33180304224,AIDED HIGH SCHOOL D.M.PANRUTI,Yes,Christian
1113,THE ARCOT LUTHERAN CHURCH,CUDDALORE,33180607328,DANISH MISSION HIGHER SECONDARY SCHOOL VRIDDHACHALAM,Yes,Christian
1113,THE ARCOT LUTHERAN CHURCH,CHENNAI (EXT. GCC),33020301802,PT MISSION HS,No,
1113,THE ARCOT LUTHERAN CHURCH,TIRUVANNAMALAI,33061205202,DMHS NOOKAMBADI,Yes,Christian
1113,THE ARCOT LUTHERAN CHURCH,TIRUVANNAMALAI,33061306802,DMHS SOMASIPADI,Yes,Christian
1113,THE ARCOT LUTHERAN CHURCH,TIRUVANNAMALAI,33061411301,ALC HSS SARON,Yes,Christian
1113,THE ARCOT LUTHERAN CHURCH,TIRUVANNAMALAI,33061411302,DM HSS TIRUVANNAMALAI,Yes,Christian
1113,THE ARCOT LUTHERAN CHURCH,KALLAKURICHI,33071305902,DANISH MISSION (GIRLS) BOARDING HIGHER SECONDARY SCHOOL SILOAM,Yes,Christian
1113,THE ARCOT LUTHERAN CHURCH,KALLAKURICHI,33071306002,DANISH MISSION HIGH SCHOOL SANDHAPET,Yes,Christian
1113,THE ARCOT LUTHERAN CHURCH,KALLAKURICHI,33071806401,DANISH MISSION HIGHER SECONDARY SCHOOL KARIYALUR,Yes,Christian
1113,THE ARCOT LUTHERAN CHURCH,KALLAKURICHI,33072203202,DANISH MISSION HIGH SCHOOL PARIKKAL,Yes,Christian
1114,THE CATHOLIC EDUCATIONAL COUNCIL OF TAMILNADU,DINDIGUL,33130501707,"ST XAVIER'S HSS, NAIDUPURAM, KODAIKANAL",Yes,Christian
1115,THE CONGREGATION OF THE FRANCISCAN SISTERS OF PRESENTATION OF THE BLESSED VIRGIN MARY COIMBATORE,SIVAGANGAI,33230104429,"ST JUSTIN'S GIRLS HSS,SIVAGANGAI",Yes,Christian
1116,THE DIOCESE OF CHENGALPET SOCIETY,KANCHEEPURAM,33030103502,"RCM AIDED HS, VIPPEDU",Yes,Christian
1116,THE DIOCESE OF CHENGALPET SOCIETY,KANCHEEPURAM,33030301903,"ST.JOSEPH (AIDED)HS, R.N.KANDIGAI, UTHIRAMERUR TK",Yes,Christian
1116,THE DIOCESE OF CHENGALPET SOCIETY,KANCHEEPURAM,33030307903,"AMALA ANNAI (AIDED) Higher Sec School,MAMBAKKAM",Yes,Christian
1116,THE DIOCESE OF CHENGALPET SOCIETY,CHENGALPATTU,33030601704,ST JOSEPH HSS KOVALAM,Yes,Christian
1116,THE DIOCESE OF CHENGALPET SOCIETY,CHENGALPATTU,33030902106,"ST. ANTONY'S R.C. HIGH SCHOOL, SENGALANEERMALAI",Yes,Christian
1116,THE DIOCESE OF CHENGALPET SOCIETY,CHENGALPATTU,33030903360,"ST. JOSEPH'S HIGHER SECONDARY SCHOOL, TAMBARAM",Yes,Christian
1116,THE DIOCESE OF CHENGALPET SOCIETY,CHENGALPATTU,33031104203,RC High School Thatchur,Yes,Christian
1116,THE DIOCESE OF CHENGALPET SOCIETY,CHENGALPATTU,33031107203,DR R ARULAPPA HIGHER SECONDARY SCHOOL NEERPAIR,Yes,Christian
1116,THE DIOCESE OF CHENGALPET SOCIETY,CHENGALPATTU,33031107719,"RC AIDED HIGH SCHOOL, MADURANTHAGAM",Yes,Christian
1116,THE DIOCESE OF CHENGALPET SOCIETY,CHENGALPATTU,33031200108,"ST MARYS AIDED HS,CHEYYUR",Yes,Christian
1117,THE FRANCISCAN SISTERS OF THE PRESENTATION OF THE BLESSED VIRGIN MARY COIMBATORE,COIMBATORE,33120100203,BISHOP OUBAGARAM PARTIALLY AIDED HIGH SCHOOL,No,
1117,THE FRANCISCAN SISTERS OF THE PRESENTATION OF THE BLESSED VIRGIN MARY COIMBATORE,COIMBATORE,33120102311,PRESENTATION CONVENT GIRLS HR.SEC.SCHOOL,Yes,Christian
1117,THE FRANCISCAN SISTERS OF THE PRESENTATION OF THE BLESSED VIRGIN MARY COIMBATORE,COIMBATORE,33120500304,ST.PHILOMENA'S HIGH SCHOOL,Yes,Christian
1117,THE FRANCISCAN SISTERS OF THE PRESENTATION OF THE BLESSED VIRGIN MARY COIMBATORE,COIMBATORE,33121700406,ROSARI GIRLS HIGH SCHOOL METTUPALAYAM,Yes,Christian
1117,THE FRANCISCAN SISTERS OF THE PRESENTATION OF THE BLESSED VIRGIN MARY COIMBATORE,COIMBATORE,33122101110,ST.JOSEPHS GIRLS HIGHER SECONDARY SCHOOL,Yes,Christian
1117,THE FRANCISCAN SISTERS OF THE PRESENTATION OF THE BLESSED VIRGIN MARY COIMBATORE,CHENNAI (EXT. GCC),33020801406,DR. K.K. NIRMALA GIRLS HSS,Yes,Christian
1117,THE FRANCISCAN SISTERS OF THE PRESENTATION OF THE BLESSED VIRGIN MARY COIMBATORE,ERODE,33100400302,"RC HIGH SCHOOL, VALIPALAYAM",Yes,Christian
1117,THE FRANCISCAN SISTERS OF THE PRESENTATION OF THE BLESSED VIRGIN MARY COIMBATORE,ERODE,33100501306,"ST.XAVIER'S HIGH SCHOOL, VADUGAPALAYAM",Yes,Christian
1117,THE FRANCISCAN SISTERS OF THE PRESENTATION OF THE BLESSED VIRGIN MARY COIMBATORE,ERODE,33100706303,"AHS, ST MARY'S, ERODE",Yes,Christian
1117,THE FRANCISCAN SISTERS OF THE PRESENTATION OF THE BLESSED VIRGIN MARY COIMBATORE,ERODE,33100706407,"AHS, ST.RITA GIRLS, RAILWAY COLONY",Yes,Christian
1117,THE FRANCISCAN SISTERS OF THE PRESENTATION OF THE BLESSED VIRGIN MARY COIMBATORE,THE NILGIRIS,33110101543,"SACRED HEARTS HSS,OOTY",Yes,Christian
1117,THE FRANCISCAN SISTERS OF THE PRESENTATION OF THE BLESSED VIRGIN MARY COIMBATORE,THE NILGIRIS,33110200623,ST.MARYS (G) HSS COONOOR,Yes,Christian
1117,THE FRANCISCAN SISTERS OF THE PRESENTATION OF THE BLESSED VIRGIN MARY COIMBATORE,KARUR,33140201512,"ST.THERASA GIRLS.HIGHER SECONDARY SCHOOL, KARUR-4",Yes,Christian
1117,THE FRANCISCAN SISTERS OF THE PRESENTATION OF THE BLESSED VIRGIN MARY COIMBATORE,TIRUNELVELI,33291800119,FATIMA GIRLS HR SEC SCHOOL VALLIOOR,Yes,Christian
1118,THE IMMACULATE CONCEPTION SOCIETY SIVAGANGAI PROVINCE,TIRUCHIRAPPALLI,33150905111,FATIMA AIDED HIGH SCHOOL PUTHUR,Yes,Christian
1119,THE INSTITUTE OF THE BROTHERS OF ST GABRIEL,SALEM,33081500507,"NIRMALA HR. SEC. SCHOOL,KOLATHUR",Yes,Christian
1120,THE INSTITUTE OF THE FRANCISCAN MISSIONARIES OF MARY SOCEITY,CHENNAI (EXT. GCC),33021001405,ST RAPHAEL'S GIRLS HR SEC SCHOOL,Yes,Christian
1120,THE INSTITUTE OF THE FRANCISCAN MISSIONARIES OF MARY SOCEITY,CHENGALPATTU,33030903012,"ST.HELEN'S GIRLS HSS, ST.THOMAS MOUNT",Yes,Christian
1120,THE INSTITUTE OF THE FRANCISCAN MISSIONARIES OF MARY SOCEITY,ERODE,33101601409,"ST.JOHN DE BRITTO GIRLS HIGH SCHOOL, SATHIYAMANGALAM",No,
1120,THE INSTITUTE OF THE FRANCISCAN MISSIONARIES OF MARY SOCEITY,THE NILGIRIS,33110100115,"ST. ANTONY'S HIGH SCHOOL, LOVEDALE, OOTY",Yes,Christian
1120,THE INSTITUTE OF THE FRANCISCAN MISSIONARIES OF MARY SOCEITY,THE NILGIRIS,33110101544,BETHLEHEM (G) HSS OOTY,Yes,Christian
1120,THE INSTITUTE OF THE FRANCISCAN MISSIONARIES OF MARY SOCEITY,THE NILGIRIS,33110200923,"ST.MICHAEL'S HS, SHANTHOOOR",Yes,Christian
1120,THE INSTITUTE OF THE FRANCISCAN MISSIONARIES OF MARY SOCEITY,THE NILGIRIS,33110301121,ST.MARYS GIRLS HSS KOTAGIRI,Yes,Christian
1120,THE INSTITUTE OF THE FRANCISCAN MISSIONARIES OF MARY SOCEITY,COIMBATORE,33120101304,ST MARY'S GIRLS HR.SEC.SCHOOL,Yes,Christian
1120,THE INSTITUTE OF THE FRANCISCAN MISSIONARIES OF MARY SOCEITY,TIRUPPUR,33331603308,ST THOMAS GIRLS HIGHER SECONDARY SCHOOL,Yes,Christian
1121,THE INSTITUTE OF THE MARIST BROTHERS OF THE SCHOOLS,KARUR,33140600907,"MARIST.HR.SEC.SCHOOL, P. UDAYAPATTY",Yes,Christian
1122,THE MADRAS SEVA SADAN,CHENNAI (EXT. GCC),33020700104,THE MADRAS SEVA SADAN HIGHER SECONDARY SCHOOL,No,
1122,THE MADRAS SEVA SADAN,CHENGALPATTU,33030903315,"THE MADRAS SEVA SADAN (AIDED) HSS, TAMBARAM",No,
1123,THE ROMAN CATHOLIC ARCHDIOCESE OF PONDICHERRY,VILLUPURAM,33070107103,SACRED HEART HIGH SCHOOL THURINCHIPOONDI,Yes,Christian
1123,THE ROMAN CATHOLIC ARCHDIOCESE OF PONDICHERRY,VILLUPURAM,33070203602,ST.ANTONY'S HIGH SCHOOL ANAIYERI,Yes,Christian
1123,THE ROMAN CATHOLIC ARCHDIOCESE OF PONDICHERRY,VILLUPURAM,33070207102,ST.MICHAEL'S HIGHER SECONDARY SCHOOL KRISHNAPURAM,Yes,Christian
1123,THE ROMAN CATHOLIC ARCHDIOCESE OF PONDICHERRY,VILLUPURAM,33070300602,SACRED HEART HIGHER SECONDARY SCHOOL ANILADY,Yes,Christian
1123,THE ROMAN CATHOLIC ARCHDIOCESE OF PONDICHERRY,VILLUPURAM,33070406903,ST.ANN'S Hr SEC SCHOOL TINDIVANAM,Yes,Christian
1123,THE ROMAN CATHOLIC ARCHDIOCESE OF PONDICHERRY,VILLUPURAM,33070801502,ST.MARY'S HIGH SCHOOL NANGATHUR,Yes,Christian
1123,THE ROMAN CATHOLIC ARCHDIOCESE OF PONDICHERRY,VILLUPURAM,33070803204,ST. LITTLE FLOWER HIGHER SECONDARY SCHOOL KAKKANUR,Yes,Christian
1123,THE ROMAN CATHOLIC ARCHDIOCESE OF PONDICHERRY,VILLUPURAM,33071205203,ST.MARY HIGH SCHOOL OTHIYATHUR,Yes,Christian
1123,THE ROMAN CATHOLIC ARCHDIOCESE OF PONDICHERRY,VILLUPURAM,33071205703,ST.XAVIER'S BOYS HIGHER SECONDARY SCHOOL MUGAIYUR,Yes,Christian
1123,THE ROMAN CATHOLIC ARCHDIOCESE OF PONDICHERRY,VILLUPURAM,33072401002,MRIC RC HIGH SCHOOL VILLUPURAM,Yes,Christian
1124,THE ROMAN CATHOLIC DIOCESE OF KOTTAR,KANNIYAKUMARI,33300200114,ST ANTONY'S HSS KANYAKUMARI,Yes,Christian
1124,THE ROMAN CATHOLIC DIOCESE OF KOTTAR,KANNIYAKUMARI,33300200505,St.MICHAEL'S HIGH SCHOOL - RAJAVOOR,Yes,Christian
1124,THE ROMAN CATHOLIC DIOCESE OF KOTTAR,KANNIYAKUMARI,33300202503,ST. XAVIER 'S HS KOTTAR,Yes,Christian
1124,THE ROMAN CATHOLIC DIOCESE OF KOTTAR,KANNIYAKUMARI,33300203404,"ST. ANTONY 'S HSS, KURUSADI",Yes,Christian
1124,THE ROMAN CATHOLIC DIOCESE OF KOTTAR,KANNIYAKUMARI,33300203803,St.ALOYSIUS HSS - CHAYAKKARANPARAPPUVILAI,Yes,Christian
1124,THE ROMAN CATHOLIC DIOCESE OF KOTTAR,KANNIYAKUMARI,33300205004,"St..FRANCIS HSS, NAGERCOIL",Yes,Christian
1124,THE ROMAN CATHOLIC DIOCESE OF KOTTAR,KANNIYAKUMARI,33300300510,"ST.JOSEPH's HR.SEC. SCHOOL, ASARIPALLAM",Yes,Christian
1124,THE ROMAN CATHOLIC DIOCESE OF KOTTAR,KANNIYAKUMARI,33300300615,ST JOSEPH HS RAJAKMANGALAMTHURAI,Yes,Christian
1124,THE ROMAN CATHOLIC DIOCESE OF KOTTAR,KANNIYAKUMARI,33300300711,"St. Jude Thaddaeus Higher Secondary School, Pallam",Yes,Christian
1124,THE ROMAN CATHOLIC DIOCESE OF KOTTAR,KANNIYAKUMARI,33300400209,"ST.FRANCIS XAVIER Hr.Sec.School, Manguzhy",Yes,Christian
1124,THE ROMAN CATHOLIC DIOCESE OF KOTTAR,KANNIYAKUMARI,33300400510,ST. MICHAEL'S HIGH SCHOOL KODIMUNAI,Yes,Christian
1124,THE ROMAN CATHOLIC DIOCESE OF KOTTAR,KANNIYAKUMARI,33300400515,ST. IGNATIUS HSS KURUMPANAI,Yes,Christian
1124,THE ROMAN CATHOLIC DIOCESE OF KOTTAR,KANNIYAKUMARI,33300400533,ST. MARY'S HSS-COLACHEL,Yes,Christian
1124,THE ROMAN CATHOLIC DIOCESE OF KOTTAR,KANNIYAKUMARI,33300400534,ST JAMES HS VANIYAKUDI,Yes,Christian
1124,THE ROMAN CATHOLIC DIOCESE OF KOTTAR,KANNIYAKUMARI,33300400540,RC HSS KONAMKADU,Yes,Christian
1124,THE ROMAN CATHOLIC DIOCESE OF KOTTAR,KANNIYAKUMARI,33300400607,ST. LAWRENCE HSS MADATHATTUVILAI,Yes,Christian
1124,THE ROMAN CATHOLIC DIOCESE OF KOTTAR,KANNIYAKUMARI,33300400703,ST. ALOYSIUS HSS KARANKADU,Yes,Christian
1124,THE ROMAN CATHOLIC DIOCESE OF KOTTAR,KANNIYAKUMARI,33300500209,RC HIGH SCHOOL PALLIYADI,Yes,Christian
1124,THE ROMAN CATHOLIC DIOCESE OF KOTTAR,KANNIYAKUMARI,33300500511,RCHS CHEMPARUTHIVILAI,Yes,Christian
1124,THE ROMAN CATHOLIC DIOCESE OF KOTTAR,KANNIYAKUMARI,33300500716,ST JOSEPH'S HSS MULAGUMOODU,Yes,Christian
1124,THE ROMAN CATHOLIC DIOCESE OF KOTTAR,KANNIYAKUMARI,33300600506,ST. PETER'S HSS. CHEKKAL,Yes,Christian
1124,THE ROMAN CATHOLIC DIOCESE OF KOTTAR,KANNIYAKUMARI,33300600712,ST. JOSEPH'S HIGH SCHOOL MULAVILAI,Yes,Christian
1124,THE ROMAN CATHOLIC DIOCESE OF KOTTAR,KANNIYAKUMARI,33300700116,SACRED HEART H S PACODE,Yes,Christian
1124,THE ROMAN CATHOLIC DIOCESE OF KOTTAR,KANNIYAKUMARI,33300700221,ST JOSEPH'S HSS THIRUTHAPURAM,Yes,Christian
1124,THE ROMAN CATHOLIC DIOCESE OF KOTTAR,KANNIYAKUMARI,33300700311,ST JAMES H S PARAKUNNU,Yes,Christian
1124,THE ROMAN CATHOLIC DIOCESE OF KOTTAR,KANNIYAKUMARI,33300700413,ST MARYS HSS MELPALAI,Yes,Christian
1124,THE ROMAN CATHOLIC DIOCESE OF KOTTAR,KANNIYAKUMARI,33300800208,ST. FRANCIS XAVIER H.S - ALANCHI,Yes,Christian
1124,THE ROMAN CATHOLIC DIOCESE OF KOTTAR,KANNIYAKUMARI,33300800318,"ST. ANTONY'S HIGH SCHOOL ,THUNDATHUVILAI",Yes,Christian
1124,THE ROMAN CATHOLIC DIOCESE OF KOTTAR,KANNIYAKUMARI,33300800319,ST. BERNADETTE'S HSS MANGALAKUNTU,Yes,Christian
1124,THE ROMAN CATHOLIC DIOCESE OF KOTTAR,KANNIYAKUMARI,33300800325,ST.JOSEPH HIGH SCHOOL-MATHIRAVILAI,Yes,Christian
1124,THE ROMAN CATHOLIC DIOCESE OF KOTTAR,KANNIYAKUMARI,33300800411,ST. HELEN HS ENAYAM,Yes,Christian
1124,THE ROMAN CATHOLIC DIOCESE OF KOTTAR,KANNIYAKUMARI,33300800413,ST. JO HS-RAMANTHURAI,Yes,Christian
1124,THE ROMAN CATHOLIC DIOCESE OF KOTTAR,KANNIYAKUMARI,33300800509,ST. FRANCIS HSS VENCODE,Yes,Christian
1124,THE ROMAN CATHOLIC DIOCESE OF KOTTAR,KANNIYAKUMARI,33300800617,ST. AHS ELAVUVILAI,Yes,Christian
1124,THE ROMAN CATHOLIC DIOCESE OF KOTTAR,KANNIYAKUMARI,33300900116,"ST JOSEPH HIGH SCHOOL, SILUVAIPURAM",Yes,Christian
1124,THE ROMAN CATHOLIC DIOCESE OF KOTTAR,KANNIYAKUMARI,33300900411,ST FRANCIS HSS VAVARAI,Yes,Christian
1124,THE ROMAN CATHOLIC DIOCESE OF KOTTAR,KANNIYAKUMARI,33300900610,ST ANTONYS HS KAPPUKADU,Yes,Christian
1124,THE ROMAN CATHOLIC DIOCESE OF KOTTAR,KANNIYAKUMARI,33300900709,CHRIST THE KING HS PIRACODE,Yes,Christian
1125,THE ROMAN CATHOLIC DIOCESE OF PALAYAMKOTTAI,TENKASI,33290106904,ST. JOHN'S HSS - VADIYUR,Yes,Christian
1125,THE ROMAN CATHOLIC DIOCESE OF PALAYAMKOTTAI,TENKASI,33290400105,ST JOSEPHS HS VEIKKALIPATTI,Yes,Christian
1125,THE ROMAN CATHOLIC DIOCESE OF PALAYAMKOTTAI,TENKASI,33290401304,"ST ANTONY'S HSS, KALYANIPURAM",Yes,Christian
1125,THE ROMAN CATHOLIC DIOCESE OF PALAYAMKOTTAI,TENKASI,33290702511,PUNITHA ARULAPPAR HSS-AVUDAIYANOOR,Yes,Christian
1125,THE ROMAN CATHOLIC DIOCESE OF PALAYAMKOTTAI,TENKASI,33290805103,"AMALA ANNAI HIGH SCHOOL, RENGASAMDURAM",Yes,Christian
1125,THE ROMAN CATHOLIC DIOCESE OF PALAYAMKOTTAI,TENKASI,33291002317,ST PETER HIGH SCHOOL SENDAMARAM,Yes,Christian
1125,THE ROMAN CATHOLIC DIOCESE OF PALAYAMKOTTAI,TENKASI,33291600906,PUNITHA ARULANANTHAR HIGHER SECONDARY SCHOOL AGARAKATTU,Yes,Christian
1125,THE ROMAN CATHOLIC DIOCESE OF PALAYAMKOTTAI,TENKASI,33291702128,"VEERAMAMUNIVAR RC HSS,TENKASI",Yes,Christian
1125,THE ROMAN CATHOLIC DIOCESE OF PALAYAMKOTTAI,TENKASI,33291704905,ANNAI THERESA R C HSS VALLAM,Yes,Christian
1125,THE ROMAN CATHOLIC DIOCESE OF PALAYAMKOTTAI,TENKASI,33291900112,"RC HS,DEVIPATTINAM",Yes,Christian
1125,THE ROMAN CATHOLIC DIOCESE OF PALAYAMKOTTAI,TENKASI,33291902210,"RC HSS,PULIANGUDI",Yes,Christian
1125,THE ROMAN CATHOLIC DIOCESE OF PALAYAMKOTTAI,THOOTHUKKUDI,33280804102,"ST. JOSEPH'S HSS, KOVILPATTI",Yes,Christian
1125,THE ROMAN CATHOLIC DIOCESE OF PALAYAMKOTTAI,THOOTHUKKUDI,33280906503,"ST ALOYSIOUS HIGH SCHOOL, KAMANAYAKKANPATTI",Yes,Christian
1125,THE ROMAN CATHOLIC DIOCESE OF PALAYAMKOTTAI,THOOTHUKKUDI,33280908703,"RC FATIMA HS, KAYATHAR",Yes,Christian
1126,THE ROMAN CATHOLIC DIOCESE OF SIVAGANGAI,RAMANATHAPURAM,33270106902,"SIRUMALAR HIGHER SECONDARY SCHOOL, ANDAVOORANI",Yes,Christian
1126,THE ROMAN CATHOLIC DIOCESE OF SIVAGANGAI,RAMANATHAPURAM,33270109502,"ST. FRANCIS HIGHER SECONDARY SCHOOL, C.K.MANGALAM",Yes,Christian
1126,THE ROMAN CATHOLIC DIOCESE OF SIVAGANGAI,RAMANATHAPURAM,33270205602,"SACRED HEART HIGH SCHOOL, IRUDAYAPURAM",Yes,Christian
1126,THE ROMAN CATHOLIC DIOCESE OF SIVAGANGAI,RAMANATHAPURAM,33270310302,"ALANGARA MATHA HIGHER SECONDARY SCHOOL, PARAMAKUDI",Yes,Christian
1126,THE ROMAN CATHOLIC DIOCESE OF SIVAGANGAI,RAMANATHAPURAM,33270613203,"SAINT JOHN'S HIGHER SECONDARY SCHOOL, KEELAMUDIMANNARKOTTAI",Yes,Christian
1126,THE ROMAN CATHOLIC DIOCESE OF SIVAGANGAI,RAMANATHAPURAM,33270709403,"SACRED HEART HIGHER SECONDARY SCHOOL, THIRUVARANGAM",Yes,Christian
1126,THE ROMAN CATHOLIC DIOCESE OF SIVAGANGAI,RAMANATHAPURAM,33270907302,"ST.JOSEPH'S HIGHER SECONDARY SCHOOL, RAMANATHAPURAM",Yes,Christian
1126,THE ROMAN CATHOLIC DIOCESE OF SIVAGANGAI,RAMANATHAPURAM,33270907402,"RAJA M.DHINKAR HIGH SCHOOL, RAMANATHAPURAM",Yes,Christian
1126,THE ROMAN CATHOLIC DIOCESE OF SIVAGANGAI,RAMANATHAPURAM,33271102802,"ST. JOSEPH'S HIGHER SECONDARY SCHOOL, VERKOTTU",Yes,Christian
1127,THE ROMAN CATHOLIC DIOCESE OF TIRUCHIRAPPALLI,TIRUCHIRAPPALLI,33150500706,"ST.JOSEPH HR. SEC. SCHOOL, POTHAMETTUPATTY",Yes,Christian
1127,THE ROMAN CATHOLIC DIOCESE OF TIRUCHIRAPPALLI,TIRUCHIRAPPALLI,33150501109,"ST.IGNATIUS HIGH SCHOOL,AVARAMPATTI",Yes,Christian
1127,THE ROMAN CATHOLIC DIOCESE OF TIRUCHIRAPPALLI,TIRUCHIRAPPALLI,33151004405,"R.C HR. SEC. SCHOOL, CANTONMENT",Yes,Christian
1127,THE ROMAN CATHOLIC DIOCESE OF TIRUCHIRAPPALLI,TIRUCHIRAPPALLI,33151004706,"St. Mary's High School, Melapudur,",Yes,Christian
1127,THE ROMAN CATHOLIC DIOCESE OF TIRUCHIRAPPALLI,TIRUCHIRAPPALLI,33151103020,"SACRED HEART HSS,PONMALAIPATTY",Yes,Christian
1127,THE ROMAN CATHOLIC DIOCESE OF TIRUCHIRAPPALLI,TIRUCHIRAPPALLI,33151601104,"R.C HSS, PERIYA ANAIKARAIPATTI",Yes,Christian
1128,THE ROMAN CATHOLIC DIOCESE OF TUTICORIN,KANNIYAKUMARI,33300200908,ST.JOSEPH'S (G) HS-AZHAGAPPAPURAM,Yes,Christian
1128,THE ROMAN CATHOLIC DIOCESE OF TUTICORIN,KANNIYAKUMARI,33300200910,ST.ANTONY'S HSS AZHAGAPPAPURAM,Yes,Christian
1129,THE ROMAN CATHOLIC DIOCESE OF VELLORE SOCIETY,VELLORE,33041000162,AHS DON BOSCO,Yes,Christian
1129,THE ROMAN CATHOLIC DIOCESE OF VELLORE SOCIETY,VELLORE,33041203108,ST. THERESAL HIGH SCHOOL PALLIKONDA,Yes,Christian
1129,THE ROMAN CATHOLIC DIOCESE OF VELLORE SOCIETY,TIRUPATHUR,33041602608,SAINT ANTONYS HSS UDAYENDIRAM,Yes,Christian
1129,THE ROMAN CATHOLIC DIOCESE OF VELLORE SOCIETY,TIRUVANNAMALAI,33060207515,ST PAULS HIGH SCHOOL CHEYYAR,Yes,Christian
1129,THE ROMAN CATHOLIC DIOCESE OF VELLORE SOCIETY,TIRUVANNAMALAI,33060507811,RCM HIGH SCHOOL,Yes,Christian
1129,THE ROMAN CATHOLIC DIOCESE OF VELLORE SOCIETY,TIRUVANNAMALAI,33061100802,DOMINIC SAVIO HSS (BOYS) CHETPET,Yes,Christian
1129,THE ROMAN CATHOLIC DIOCESE OF VELLORE SOCIETY,TIRUVANNAMALAI,33061204003,ST MARYS HS MARUTHUVAMBADI,Yes,Christian
1129,THE ROMAN CATHOLIC DIOCESE OF VELLORE SOCIETY,TIRUVANNAMALAI,33061303902,ST PAUL HS NA.GENGAPATTU,Yes,Christian
1129,THE ROMAN CATHOLIC DIOCESE OF VELLORE SOCIETY,TIRUVANNAMALAI,33061307909,SM HSS (BOYS) VETTAVALAM,Yes,Christian
1129,THE ROMAN CATHOLIC DIOCESE OF VELLORE SOCIETY,TIRUVANNAMALAI,33061308103,ST.XAVIER HS ZAMEEN GUDALUR,Yes,Christian
1129,THE ROMAN CATHOLIC DIOCESE OF VELLORE SOCIETY,TIRUVANNAMALAI,33061404903,SIRUMALAR HS MATHURAMPATU,Yes,Christian
1129,THE ROMAN CATHOLIC DIOCESE OF VELLORE SOCIETY,TIRUVANNAMALAI,33061407402,PSA HSS (BOYS) PAVITHIRAM,Yes,Christian
1129,THE ROMAN CATHOLIC DIOCESE OF VELLORE SOCIETY,TIRUVANNAMALAI,33061411102,ST ANTONY HS VIRUDUVILANGINAN,Yes,Christian
1129,THE ROMAN CATHOLIC DIOCESE OF VELLORE SOCIETY,TIRUVANNAMALAI,33061411342,ST XAVIERS HS KILNATHUR,Yes,Christian
1129,THE ROMAN CATHOLIC DIOCESE OF VELLORE SOCIETY,TIRUVANNAMALAI,33061501202,ST JOSEPHS HS C.NAMMIANDAL,Yes,Christian
1129,THE ROMAN CATHOLIC DIOCESE OF VELLORE SOCIETY,TIRUVANNAMALAI,33061701801,CARMEL HSS ELAYANKANNI,Yes,Christian
1130,THE ROMAN CATHOLIC DIOCESE THOOTHUKUDI,THOOTHUKKUDI,33280100402,"ST. IGNATIUS HSS, INNACIARPURAM",Yes,Christian
1130,THE ROMAN CATHOLIC DIOCESE THOOTHUKUDI,THOOTHUKKUDI,33280102503,"RCHS, RATHINAPURAM",Yes,Christian
1130,THE ROMAN CATHOLIC DIOCESE THOOTHUKUDI,THOOTHUKKUDI,33280306606,ST ANTONYS HSS PAZHAIYAKAYAL,Yes,Christian
1130,THE ROMAN CATHOLIC DIOCESE THOOTHUKUDI,THOOTHUKKUDI,33280402104,ST.LUCIA HS KURUMBUR,Yes,Christian
1130,THE ROMAN CATHOLIC DIOCESE THOOTHUKUDI,THOOTHUKKUDI,33280402703,ST.JOSEPH HSS PUNNAIKAYAL,Yes,Christian
1130,THE ROMAN CATHOLIC DIOCESE THOOTHUKUDI,THOOTHUKKUDI,33280501202,"R C HIGH SCHOOL, AMALINAGAR TIRUCHENDUR",Yes,Christian
1130,THE ROMAN CATHOLIC DIOCESE THOOTHUKUDI,THOOTHUKKUDI,33280501502,"THIRUKKUDUMBAM HIGH SCHOOL , ALANTHALAI",No,
1130,THE ROMAN CATHOLIC DIOCESE THOOTHUKUDI,THOOTHUKKUDI,33280510407,"ST.JOSEPH HSS, ADAIKALAPURAM",Yes,Christian
1130,THE ROMAN CATHOLIC DIOCESE THOOTHUKUDI,THOOTHUKKUDI,33280510408,"ST. THOMAS HSS, VIRAPANDIYANPATNAM",No,
1130,THE ROMAN CATHOLIC DIOCESE THOOTHUKUDI,THOOTHUKKUDI,33280604608,"ST.ANNES, HIGH SCHOOL KEELARAMASAMIAPURAM",Yes,Christian
1130,THE ROMAN CATHOLIC DIOCESE THOOTHUKUDI,THOOTHUKKUDI,33280605805,"ST. JOSEPH HSS, MANAPADU",Yes,Christian
1130,THE ROMAN CATHOLIC DIOCESE THOOTHUKUDI,THOOTHUKKUDI,33280700809,"ST. Micheal's High School, Nochikulam",Yes,Christian
1130,THE ROMAN CATHOLIC DIOCESE THOOTHUKUDI,THOOTHUKKUDI,33280701811,"ST.MARYS HR SEC SCHOOL, POTHAKALANVILLAI",Yes,Christian
1130,THE ROMAN CATHOLIC DIOCESE THOOTHUKUDI,THOOTHUKKUDI,33280701906,"Manalmatha Hr.Sec.School, Sokkankudieruppu",Yes,Christian
1130,THE ROMAN CATHOLIC DIOCESE THOOTHUKUDI,THOOTHUKKUDI,33280702011,"St.Anne's High School, Thattarmadam",Yes,Christian
1130,THE ROMAN CATHOLIC DIOCESE THOOTHUKUDI,THOOTHUKKUDI,33280702307,"Little Flower Higher Secondary School, Periyathalai",Yes,Christian
1130,THE ROMAN CATHOLIC DIOCESE THOOTHUKUDI,THOOTHUKKUDI,33280702903,"SACRED HEART HSS,SATHANKULAM",Yes,Christian
1130,THE ROMAN CATHOLIC DIOCESE THOOTHUKUDI,THOOTHUKKUDI,33280702904,"ST JOSEPH GIRLS HIGHER SECONDARY SCHOOL, SATTANKULAM",Yes,Christian
1130,THE ROMAN CATHOLIC DIOCESE THOOTHUKUDI,THOOTHUKKUDI,33281108504,"ST.ANTONY'S HS, PERIYASAMYPURAM",No,
1130,THE ROMAN CATHOLIC DIOCESE THOOTHUKUDI,THOOTHUKKUDI,33281110404,"ST.LOUIS HSS, KEELA VAIPPAR",No,
1130,THE ROMAN CATHOLIC DIOCESE THOOTHUKUDI,THOOTHUKKUDI,33281302703,"ST.XAVIER'S HIGH SCHOOL, T.SAVERIARPURAM",Yes,Christian
1130,THE ROMAN CATHOLIC DIOCESE THOOTHUKUDI,THOOTHUKKUDI,33281302709,ST. ANTONY'S HS SILUVAIPATTI,Yes,Christian
1130,THE ROMAN CATHOLIC DIOCESE THOOTHUKUDI,THOOTHUKKUDI,33281303205,ST.ANTONY'S HS M.SAVARIYARPURAM,Yes,Christian
1131,THE ROMAN CATHOLIC SOCIETY OF CONCGREATION OF ICM SISTERS,DINDIGUL,33130200512,HOLYCROSS GIRLSHSS BATLAGUNDU,Yes,Christian
1131,THE ROMAN CATHOLIC SOCIETY OF CONCGREATION OF ICM SISTERS,DINDIGUL,33130501729,"ST THERASA HS,PAMBARPURAM",Yes,Christian
1132,THE ROMAN CATHOLIC SOCIETY OF THE CONGREGATION OF IMMACULATE CONCEPTION MADURAI,DINDIGUL,33130101326,"RC SAHAYARANI HIGH SCHOOL,CHINNALAPATTI",Yes,Christian
1132,THE ROMAN CATHOLIC SOCIETY OF THE CONGREGATION OF IMMACULATE CONCEPTION MADURAI,DINDIGUL,33130101904,"ST AUGUSTINAR(G)HSS,N.PANJAMPATTI",Yes,Christian
1132,THE ROMAN CATHOLIC SOCIETY OF THE CONGREGATION OF IMMACULATE CONCEPTION MADURAI,DINDIGUL,33130300112,"ST.PAULS HS,ULAGAMPATTI",Yes,Christian
1132,THE ROMAN CATHOLIC SOCIETY OF THE CONGREGATION OF IMMACULATE CONCEPTION MADURAI,DINDIGUL,33130300303,"ST.JAMES HSS,A.VELLODU",Yes,Christian
1132,THE ROMAN CATHOLIC SOCIETY OF THE CONGREGATION OF IMMACULATE CONCEPTION MADURAI,DINDIGUL,33130500707,"ST. JOSEPH'S HIGH SCHOOL,PERUMALMALAI, KODAIKANAL",Yes,Christian
1132,THE ROMAN CATHOLIC SOCIETY OF THE CONGREGATION OF IMMACULATE CONCEPTION MADURAI,DINDIGUL,33130601519,"RC HIGHER SECONDARY SCHOOL,NATHAM",Yes,Christian
1132,THE ROMAN CATHOLIC SOCIETY OF THE CONGREGATION OF IMMACULATE CONCEPTION MADURAI,DINDIGUL,33130701907,"DIRAVIAM GHSS,KAMALAPURAM",Yes,Christian
1132,THE ROMAN CATHOLIC SOCIETY OF THE CONGREGATION OF IMMACULATE CONCEPTION MADURAI,DINDIGUL,33130801104,"RC FATHIMA HS,VIRUPATCHI",Yes,Christian
1132,THE ROMAN CATHOLIC SOCIETY OF THE CONGREGATION OF IMMACULATE CONCEPTION MADURAI,DINDIGUL,33131001710,"ST.MICHEAL'S HS,AMMAPATTI",Yes,Christian
1132,THE ROMAN CATHOLIC SOCIETY OF THE CONGREGATION OF IMMACULATE CONCEPTION MADURAI,DINDIGUL,33131001908,"ST.FRANCIS XAVIER HSS,KUTTATHUAVARAMPATTI",Yes,Christian
1132,THE ROMAN CATHOLIC SOCIETY OF THE CONGREGATION OF IMMACULATE CONCEPTION MADURAI,DINDIGUL,33131002008,"LOYOLA HSS,HANUMANTHARAYANKOTTAI",Yes,Christian
1132,THE ROMAN CATHOLIC SOCIETY OF THE CONGREGATION OF IMMACULATE CONCEPTION MADURAI,DINDIGUL,33131101106,"ST.ANTONY'S HSS,KOSAVAPATTI",Yes,Christian
1132,THE ROMAN CATHOLIC SOCIETY OF THE CONGREGATION OF IMMACULATE CONCEPTION MADURAI,DINDIGUL,33131101303,"ST.BRITTO HS,PUGAIYILAIPATTI",Yes,Christian
1132,THE ROMAN CATHOLIC SOCIETY OF THE CONGREGATION OF IMMACULATE CONCEPTION MADURAI,DINDIGUL,33131101504,"ST.MARCELIN HSS,VANGAMANOOTHU",Yes,Christian
1132,THE ROMAN CATHOLIC SOCIETY OF THE CONGREGATION OF IMMACULATE CONCEPTION MADURAI,DINDIGUL,33131402006,"LITTLE FLOWER GIRL'S HSS, MARAMBADI",Yes,Christian
1132,THE ROMAN CATHOLIC SOCIETY OF THE CONGREGATION OF IMMACULATE CONCEPTION MADURAI,DINDIGUL,33131500401,"JOHN PAUL HSS,NEHRUJI NAGAR",Yes,Christian
1132,THE ROMAN CATHOLIC SOCIETY OF THE CONGREGATION OF IMMACULATE CONCEPTION MADURAI,DINDIGUL,33131500502,"ST CHINNAPPAR HS,DINDIGUL",Yes,Christian
1132,THE ROMAN CATHOLIC SOCIETY OF THE CONGREGATION OF IMMACULATE CONCEPTION MADURAI,DINDIGUL,33131600505,"LITTLE FLOWER HIGHER SECONDARY SCHOOL,PALANI",Yes,Christian
1133,THE SALEM DIOCESE SOCIETY,SALEM,33082101402,"THE LITTLE FLOWER HR. SEC. SCHOOL, SALEM-7",Yes,Christian
1133,THE SALEM DIOCESE SOCIETY,SALEM,33082101407,"ST. PAUL'S HR. SEC. SCHOOL, SALEM-7",Yes,Christian
1134,THE SALESIAN MISSIONARIES OF MARY IMMACULATE SALEM,TIRUCHIRAPPALLI,33151501303,"OLLGHSS, KOTTAPALAYAM",Yes,Christian
1135,THE SOCIETY OF MOTHER OF SARROWS SERVANTS OF MARY CHENNAI,SIVAGANGAI,33230104424,ST. JOSEPH ' S HR SEC SCHOOL SIVAGANGAI,Yes,Christian
1135,THE SOCIETY OF MOTHER OF SARROWS SERVANTS OF MARY CHENNAI,SIVAGANGAI,33230606802,"ST JOSEPH'S HR SEC SCHOOL, SEKKAKUDI",Yes,Christian
1136,THE SOCIETY OF THE BROTHERS OF ST PATRICK INDIA,TIRUCHIRAPPALLI,33150400109,"ST. PATRICK'S HR. SEC. SCHOOL, ALUNDUR",Yes,Christian
1137,THE SOCIETY OF THE CARMELITE FIRST ORDER OF MANJUMAL PROVINCE,KANNIYAKUMARI,33300500513,CARMAL GIRLS HSS MANALIKARAI,Yes,Christian
1137,THE SOCIETY OF THE CARMELITE FIRST ORDER OF MANJUMAL PROVINCE,KANNIYAKUMARI,33300500516,ST. MARY GORETTY HSS MANALIKARAI,Yes,Christian
1138,THE SOCIETY OF THE CONGREGATION OF MOTHER OF SORROWS SERVANTS OF MARY,THOOTHUKKUDI,33280101906,"ST.ALOYSIUS GHSS, CHINNAKOIL",Yes,Christian
1138,THE SOCIETY OF THE CONGREGATION OF MOTHER OF SORROWS SERVANTS OF MARY,THOOTHUKKUDI,33280401908,"ST.MARY'S (G) HS, KATCHANAVILAI",Yes,Christian
1138,THE SOCIETY OF THE CONGREGATION OF MOTHER OF SORROWS SERVANTS OF MARY,THOOTHUKKUDI,33280907503,"ST LOUISA GIRLS HSS, KALUGUMALAI",Yes,Christian
1138,THE SOCIETY OF THE CONGREGATION OF MOTHER OF SORROWS SERVANTS OF MARY,TIRUCHIRAPPALLI,33150703410,"AMALA G HSS, MUSIRI",Yes,Christian
1138,THE SOCIETY OF THE CONGREGATION OF MOTHER OF SORROWS SERVANTS OF MARY,VIRUDHUNAGAR,33261110118,"ST. THERESA HIGHER SECONDARY SCHOOL, SATTUR",Yes,Christian
1139,THE SOCIETY OF THE FRANCISCAN SERVANTS OF MARY,KRISHNAGIRI,33311009546,ST.ANN'S GIRLS HSS KRISHNAGIRI,Yes,Christian
1139,THE SOCIETY OF THE FRANCISCAN SERVANTS OF MARY,KRISHNAGIRI,33311504406,JOHN BOSCO GIRLS HSS HOSUR,Yes,Christian
1139,THE SOCIETY OF THE FRANCISCAN SERVANTS OF MARY,KRISHNAGIRI,33311708505,OUR LADY'S HSS MADHAKONDAPALLI,Yes,Christian
1140,THE SOCIETY OF THE SISTERS OF ST ANNE,TIRUCHIRAPPALLI,33150204602,"ST.ANNES HR. SEC. SCHOOL, T.V NAGAR, LALGUDI",Yes,Christian
1140,THE SOCIETY OF THE SISTERS OF ST ANNE,TIRUVALLUR,33010301704,SACRED HEART GIRLS HR SEC SCHOOL - KILACHERI,Yes,Christian
1140,THE SOCIETY OF THE SISTERS OF ST ANNE,TIRUVALLUR,33010305902,"ST.JOSEPH GIRLS HR SEC SCHOOL, PANNUR",Yes,Christian
1140,THE SOCIETY OF THE SISTERS OF ST ANNE,TIRUVALLUR,33010800505,ST MARYS HSS ARAMBAKKAM,Yes,Christian
1140,THE SOCIETY OF THE SISTERS OF ST ANNE,CHENNAI (EXT. GCC),33011004102,"ST.ANNE'S GIRLS HR.SEC.SCHOOL,MADHAVARAM",Yes,Christian
1140,THE SOCIETY OF THE SISTERS OF ST ANNE,CHENNAI (EXT. GCC),33020200405,ST THERESA'S GIRLS HSS,Yes,Christian
1140,THE SOCIETY OF THE SISTERS OF ST ANNE,CHENNAI (EXT. GCC),33020200510,ST ANNE'S GIRLS HSS,Yes,Christian
1140,THE SOCIETY OF THE SISTERS OF ST ANNE,CHENNAI (EXT. GCC),33020201201,ST ANNE'S GIRLS HSS,Yes,Christian
1140,THE SOCIETY OF THE SISTERS OF ST ANNE,CHENNAI (EXT. GCC),33020400709,LOURDES GIRLS HSS,Yes,Christian
1140,THE SOCIETY OF THE SISTERS OF ST ANNE,KANCHEEPURAM,33030404302,"ST.ANNES (AIDED) HIGH SCHOOL, VALARPURAM",Yes,Christian
1140,THE SOCIETY OF THE SISTERS OF ST ANNE,VELLORE,33041101305,ST JOSEPH AHS A .KATTUPADI,Yes,Christian
1140,THE SOCIETY OF THE SISTERS OF ST ANNE,TIRUVANNAMALAI,33061100808,ST ANNES HSS (GIRLS) CHETPET,Yes,Christian
1141,THE SOCIETY OF THE SISTERS OF THE PRESENTATION OF THE BLESSED VIRGIN MARY,THENI,33250701219,P.C. GIRLS HSS - THENI,Yes,Christian
1142,THE SOUTH ARCOT DIOCESAN CORPORATION,VILLUPURAM,33070300601,ROMAN CATHOLIC PRIMARY SCHOOL ANILADY,Yes,Christian
1142,THE SOUTH ARCOT DIOCESAN CORPORATION,KALLAKURICHI,33071201502,St.AROCKIA ANNAI HIGH SCHOOL T.ATHIPAKKAM,Yes,Christian
1142,THE SOUTH ARCOT DIOCESAN CORPORATION,KALLAKURICHI,33071500903,ADAIKALA ANNAI HIGHER SECONDARY SCHOOL VIRIYUR,Yes,Christian
1142,THE SOUTH ARCOT DIOCESAN CORPORATION,KALLAKURICHI,33071505004,ST.MICHAEL'S HIGH SCHOOL MICHAELPURAM,Yes,Christian
1142,THE SOUTH ARCOT DIOCESAN CORPORATION,KALLAKURICHI,33071600604,ST VINNARASI HIGH SCHOOL IRUDAYAMPATTU,Yes,Christian
1142,THE SOUTH ARCOT DIOCESAN CORPORATION,KALLAKURICHI,33071602902,KULANDAI YESU HIGH SCHOOL MAIYANUR,Yes,Christian
1142,THE SOUTH ARCOT DIOCESAN CORPORATION,KALLAKURICHI,33071800902,AIDED HIGHER SECONDARY SCHOOL MELNARIYAPPANUR,Yes,Christian
1142,THE SOUTH ARCOT DIOCESAN CORPORATION,KALLAKURICHI,33072100303,ST.JOSEPH HIGHER SECONDARY SCHOOL ERAIYUR,Yes,Christian
1142,THE SOUTH ARCOT DIOCESAN CORPORATION,CUDDALORE,33180104934,ST JOSEPH'S HIGHER SECONDARY SCHOOL - MANJAKUPPAM,Yes,Christian
1142,THE SOUTH ARCOT DIOCESAN CORPORATION,CUDDALORE,33180104935,ST JOSEPH'S HIGHER SECONDARY SCHOOL - THIRUPPATHIRIPULIYUR,Yes,Christian
1142,THE SOUTH ARCOT DIOCESAN CORPORATION,CUDDALORE,33180203906,"ST.PETER'S HS, T.SATHIPATTU",Yes,Christian
1142,THE SOUTH ARCOT DIOCESAN CORPORATION,CUDDALORE,33180400815,R.C ST.JOSEPH PRIMARY SCHOOL BLOCK- 4 NEYVELI-TS,Yes,Christian
1142,THE SOUTH ARCOT DIOCESAN CORPORATION,CUDDALORE,33180503805,ST MARY'S HIGH SCHOOL-KRISHNANKUPPAM,Yes,Christian
1142,THE SOUTH ARCOT DIOCESAN CORPORATION,CUDDALORE,33180504816,ST JOHN HS PARVATHIPURAM,Yes,Christian
1142,THE SOUTH ARCOT DIOCESAN CORPORATION,CUDDALORE,33180901802,"ST.THERSA'S HS, KATTUKUNANKURICHI",Yes,Christian
1142,THE SOUTH ARCOT DIOCESAN CORPORATION,CUDDALORE,33180903502,"SACRED HEART HSS, IRUPUKURICHI",Yes,Christian
1143,THE TRICHY DON BOSCO SOCIETY,ARIYALUR,33320802304,DON BOSCO HR SEC SCHOOL VARADARAJANPET,Yes,Christian
1144,THONDAMANDALA THULUVA VELLALERS SCHOOL COMMITTE,CHENNAI (EXT. GCC),33020301205,DR GURUSWAMY MUDALIAR TTV HR SEC SCHOOL,No,
1144,THONDAMANDALA THULUVA VELLALERS SCHOOL COMMITTE,CHENNAI (EXT. GCC),33020301303,TTV HSS,No,
1145,THOOTHUKUDI NAZARETH DIIOCESE,THOOTHUKKUDI,33280101504,CALDWELL HSS THOOTHUKUDI,Yes,Christian
1145,THOOTHUKUDI NAZARETH DIIOCESE,THOOTHUKKUDI,33280102904,VICTORIA GIRLS HSS THOOTHUKUDI,Yes,Christian
1145,THOOTHUKUDI NAZARETH DIIOCESE,THOOTHUKKUDI,33280306306,TDTA GOOD SHEPHERD HS IDAIYERKADU,Yes,Christian
1145,THOOTHUKUDI NAZARETH DIIOCESE,THOOTHUKKUDI,33280307802,POPE MEMORIAL HR.SEC.SCHOOL SAWYERPURAM,Yes,Christian
1145,THOOTHUKUDI NAZARETH DIIOCESE,THOOTHUKKUDI,33280307803,"ST.MARYS (G)HSS, SAWYERPURAM",Yes,Christian
1145,THOOTHUKUDI NAZARETH DIIOCESE,THOOTHUKKUDI,33280310001,TUCKER HR SEC. SCHOOL.. PANNAIVILAI,Yes,Christian
1145,THOOTHUKUDI NAZARETH DIIOCESE,THOOTHUKKUDI,33280401304,ST.MARK'S HSS MUKUPERI,Yes,Christian
1145,THOOTHUKUDI NAZARETH DIIOCESE,THOOTHUKKUDI,33280405202,"ST.JOHN'S GIRLS' HIGHER SECONDARY SCHOOL , NAZARETH",Yes,Christian
1145,THOOTHUKUDI NAZARETH DIIOCESE,THOOTHUKKUDI,33280405203,MARGOSCHIS HIGHER SECONDARY SCHOOL NAZARETHH,Yes,Christian
1145,THOOTHUKUDI NAZARETH DIIOCESE,THOOTHUKKUDI,33280406205,TDTA KURUKALPERI HSS ASIRVATHAPURAM,Yes,Christian
1145,THOOTHUKUDI NAZARETH DIIOCESE,THOOTHUKKUDI,33280510907,"TDTA MARY SOUNDARAPANDIAN HIGH SCHOOL, PITCHIVILAI",Yes,Christian
1145,THOOTHUKUDI NAZARETH DIIOCESE,THOOTHUKKUDI,33280601102,"MARY ANN BEST GIRLS' HIGHER SECONDARY SCHOOL, PANDARANCHETTIVILAI",Yes,Christian
1145,THOOTHUKUDI NAZARETH DIIOCESE,THOOTHUKKUDI,33280601502,"TDTA HSS, CHRISTIANAGARAM",Yes,Christian
1145,THOOTHUKUDI NAZARETH DIIOCESE,THOOTHUKKUDI,33280604315,"KKR TDTA HIGH SCHOOL, PARAMANKURICHI",Yes,Christian
1145,THOOTHUKUDI NAZARETH DIIOCESE,THOOTHUKKUDI,33280604316,"BAM HSS, VELLALANVILLAI",Yes,Christian
1145,THOOTHUKUDI NAZARETH DIIOCESE,THOOTHUKKUDI,33280604705,"AMBROSE HIGHER SECONDARY SCHOOL, MEIGNANAPURAM",Yes,Christian
1145,THOOTHUKUDI NAZARETH DIIOCESE,THOOTHUKKUDI,33280604706,"ELLIOTT TUXFORD GIRLS HIGHER SECONDARY SCHOOL, MEGNANAPURAM",Yes,Christian
1145,THOOTHUKUDI NAZARETH DIIOCESE,THOOTHUKKUDI,33280700808,"TDTA RANJI AARON MEMORIAL HIGHER SECONDARY SCHOOL,ANANDAPURAM",Yes,Christian
1145,THOOTHUKUDI NAZARETH DIIOCESE,THOOTHUKKUDI,33280701613,"St.Michael's Higher secondary school, Mudalur",Yes,Christian
1145,THOOTHUKUDI NAZARETH DIIOCESE,THOOTHUKKUDI,33280702502,"TNDTA RMP PULAMADAN CHETTIAR NATIONAL HIGHER SECONDARY SCHOOL , SATHANKULAM",Yes,Christian
1145,THOOTHUKUDI NAZARETH DIIOCESE,THOOTHUKKUDI,33281000303,"TDTA HIGH SCHOOL, K.KAILASAPURAM",Yes,Christian
1145,THOOTHUKUDI NAZARETH DIIOCESE,THOOTHUKKUDI,33281002205,"T.D.T.A.K.G.M.HR.SEC.SCHOOL, S.KAILASAPURAM",Yes,Christian
1145,THOOTHUKUDI NAZARETH DIIOCESE,THOOTHUKKUDI,33281003905,JOHN THE BAPTIST HSS PUTHIYAMPUTHUR,Yes,Christian
1145,THOOTHUKUDI NAZARETH DIIOCESE,THOOTHUKKUDI,33281203403,"TDTA JAYARAJ ANNAPACKIAM HIGH SCHOOL, NAGALAPURAM",Yes,Christian
1145,THOOTHUKUDI NAZARETH DIIOCESE,THOOTHUKKUDI,33281301505,TNDTA ABISHEKANATHAR HSS KULAYANKARISAL,Yes,Christian
1145,THOOTHUKUDI NAZARETH DIIOCESE,THOOTHUKKUDI,33281301811,TDTA PSP HSS PUTHUKOTTAI,Yes,Christian
1146,TRICHY DON BOSCO SOCIETY,THANJAVUR,33210204005,ST.MICHAEL'S HIGH SCHOOL-MADHAKKOTTAI,Yes,Christian
1147,TUTICORIN DIOCESAN RC,TIRUNELVELI,33290602004,ANNAI THERESA HIGH SCHOOL MEENAVANKULAM,Yes,Christian
1147,TUTICORIN DIOCESAN RC,TIRUNELVELI,33291104009,ST. ANTONY'S HIGH SCHOOL. SOMANATHAPERI,Yes,Christian
1147,TUTICORIN DIOCESAN RC,TIRUNELVELI,33291401006,ST ALOYSIUS HR SEC SCHOOL T KALLIKULAM TIRUNELVELI,Yes,Christian
1147,TUTICORIN DIOCESAN RC,TIRUNELVELI,33291401508,ST.JOSEPH HS PUTHUKUDIYIRUPPU,Yes,Christian
1147,TUTICORIN DIOCESAN RC,TIRUNELVELI,33291402806,"ST.ANNE'S HR SEC SCHOOL,KOODANKULAM",Yes,Christian
1147,TUTICORIN DIOCESAN RC,TIRUNELVELI,33291402905,BISHOP ROCHE HR SEC SCHOOL IDINDAKARAI -627104,Yes,Christian
1147,TUTICORIN DIOCESAN RC,TIRUNELVELI,33291403011,PUNITHA KITHERI HIGH SCHOOL KUTHEN KULY,Yes,Christian
1147,TUTICORIN DIOCESAN RC,TIRUNELVELI,33291403721,"HOLY REDEEMER'S HR SEC SCHOOL, TISAIYANVILAI",Yes,Christian
1147,TUTICORIN DIOCESAN RC,TIRUNELVELI,33291404317,ST MARY'S HR SEC SCHOOL UVARI,Yes,Christian
1147,TUTICORIN DIOCESAN RC,TIRUNELVELI,33291800616,"SACRED HEART HIGHER SECONDARY SCHOOL, KAVALKINARU",No,
1147,TUTICORIN DIOCESAN RC,TIRUNELVELI,33291800617,ST TERESA'S HR SEC SCHOOL VADAKANKULAM,Yes,Christian
1147,TUTICORIN DIOCESAN RC,TIRUNELVELI,33291802309,ST JOSEPH'S HR SEC SCHOOL KOOTAPULI TIRUNELVELI,Yes,Christian
1148,VANIYMBADI MUSLIM EDUCATIONAL SOCIETY,TIRUPATHUR,33041901508,ISLAMIAH BOYS HSS VANIYAMBADI,Yes,Muslim
1148,VANIYMBADI MUSLIM EDUCATIONAL SOCIETY,TIRUPATHUR,33041901519,ISLAMIAH GIRLS HSS VANIYAMBADI,Yes,Muslim
1149,VIRUDHUNAGAR HINDU NADAR UYARNILAIPALLI PARIBALANA SABAI MADURAI,MADURAI,33241517301,"V.H.N.GIRLS HR SEC SCHOOL, MUNICHALAI",Yes,Others
1149,VIRUDHUNAGAR HINDU NADAR UYARNILAIPALLI PARIBALANA SABAI MADURAI,MADURAI,33241517904,"VHN BOYS HR SEC SCHOOL, KUYAVARPALAYAM",Yes,Others
1150,YERCAUD PROVINCE,CHENNAI (EXT. GCC),33020200505,ST PETER'S HR SEC SCHOOL,Yes,Christian
1150,YERCAUD PROVINCE,CHENNAI (EXT. GCC),33021001602,SANTHOME HR.SEC.SCHOOL,Yes,Christian
1150,YERCAUD PROVINCE,VILLUPURAM,33070203803,LOURDU ANNAI HIGHER SECONDARY SCHOOL KANAKANKUPPAM,Yes,Christian
1150,YERCAUD PROVINCE,SALEM,33081402005,"ST. MARYS HR. SEC. SCHOOL, A.N.MANGALAM",Yes,Christian
1151,YMCA MADRAS,CHENNAI (EXT. GCC),33020600209,Y.M.C.A BOYS TOWN HIGH SCHOOL,Yes,Christian
1151,YMCA MADRAS,CHENNAI (EXT. GCC),33031400903,"YMCA (Aided) HSS, Kottivakkam",No,
